qseqid,sseqid,pident,length,mismatch,gapopen,qstart,qend,sstart,send,evalue,bitscore,qseqid_ID,qseqid_genome_length,protein_ncbi_acc,definition,virus,protein_length,genome_ncbi_acc,sseqid_genome_length,Realm,Subrealm,Kingdom,Subkingdom,Phylum,Subphylum,Class,Subclass,Order,Suborder,Family,Subfamily,Genus,Subgenus,Species,Exemplar or additional isolate,Virus name(s),Virus name abbreviation(s),Virus isolate designation,Virus GENBANK accession,Virus REFSEQ accession,Genome coverage,Genome composition,Host source,conserved_AA_#
AT10B_S2_NODE_1_length_122269_cov_11.242561_1,QGH76387.1,81.3,107,20,0,1,107,248,354,1.9e-61,193.0,AT10B_S2_NODE_1_length_122269_cov_11,103329,QGH76387.1,DNA primase,Streptomyces phage Daubenski,354.0,MN444876.1,133090.0,Duplodnaviria,,Heunggongvirae,,Uroviricota,,Caudoviricetes,,,,,Boydwoodruffvirinae,Samistivirus,,Samistivirus daubenski,E,Streptomyces phage Daubenski,,,MN444876,NC_055822,Complete genome,dsDNA,bacteria,86.991
AT10B_S2_NODE_1_length_122269_cov_11.242561_10,AIW02589.1,89.2,111,12,0,1,111,1,111,2.1799999999999997e-68,202.0,AT10B_S2_NODE_1_length_122269_cov_11,103329,AIW02589.1,hypothetical protein PBI_JAY2JAY_91,Streptomyces phage Jay2Jay,111.0,KM652554.1,133531.0,Duplodnaviria,,Heunggongvirae,,Uroviricota,,Caudoviricetes,,,,,Boydwoodruffvirinae,Samistivirus,,Samistivirus jay2jay,E,Streptomyces phage Jay2jay,,,KM652554,NC_029098,Complete genome,dsDNA,bacteria,99.01200000000001
AT10B_S2_NODE_1_length_122269_cov_11.242561_101,AIW02681.1,86.1,79,11,0,1,79,1,79,7.29e-50,153.0,AT10B_S2_NODE_1_length_122269_cov_11,103329,AIW02681.1,hypothetical protein PBI_JAY2JAY_227,Streptomyces phage Jay2Jay,79.0,KM652554.1,133531.0,Duplodnaviria,,Heunggongvirae,,Uroviricota,,Caudoviricetes,,,,,Boydwoodruffvirinae,Samistivirus,,Samistivirus jay2jay,E,Streptomyces phage Jay2jay,,,KM652554,NC_029098,Complete genome,dsDNA,bacteria,68.019
AT10B_S2_NODE_1_length_122269_cov_11.242561_102,QGH76485.1,87.3,102,13,0,1,102,1,102,6.29e-66,196.0,AT10B_S2_NODE_1_length_122269_cov_11,103329,QGH76485.1,hypothetical protein SEA_DAUBENSKI_217,Streptomyces phage Daubenski,102.0,MN444876.1,133090.0,Duplodnaviria,,Heunggongvirae,,Uroviricota,,Caudoviricetes,,,,,Boydwoodruffvirinae,Samistivirus,,Samistivirus daubenski,E,Streptomyces phage Daubenski,,,MN444876,NC_055822,Complete genome,dsDNA,bacteria,89.04599999999999
AT10B_S2_NODE_1_length_122269_cov_11.242561_103,ASR77444.1,82.7,98,17,0,1,98,1,98,1.7899999999999998e-55,169.0,AT10B_S2_NODE_1_length_122269_cov_11,103329,ASR77444.1,hypothetical protein SEA_NOOTNOOT_221,Streptomyces phage NootNoot,102.0,MF347636.1,131086.0,Duplodnaviria,,Heunggongvirae,,Uroviricota,,Caudoviricetes,,,,,Boydwoodruffvirinae,Samistivirus,,Samistivirus nootnoot,E,Streptomyces phage NootNoot,,,MF347636,NC_042009,Complete genome,dsDNA,bacteria,81.046
AT10B_S2_NODE_1_length_122269_cov_11.242561_104,ASR75593.1,82.0,61,11,0,1,61,1,61,1.45e-30,103.0,AT10B_S2_NODE_1_length_122269_cov_11,103329,ASR75593.1,hypothetical protein SEA_MILDRED21_235,Streptomyces phage Mildred21,61.0,MF155946.1,131976.0,Duplodnaviria,,Heunggongvirae,,Uroviricota,,Caudoviricetes,,,,,Boydwoodruffvirinae,Samistivirus,,Samistivirus mildred21,E,Streptomyces phage Mildred21,,,MF155946,NC_042008,Complete genome,dsDNA,bacteria,50.019999999999996
AT10B_S2_NODE_1_length_122269_cov_11.242561_105,ASR77883.1,82.9,76,13,0,1,76,1,76,2.1500000000000002e-43,137.0,AT10B_S2_NODE_1_length_122269_cov_11,103329,ASR77883.1,hypothetical protein SEA_PEEBS_223,Streptomyces phage Peebs,76.0,MF347638.1,133047.0,Duplodnaviria,,Heunggongvirae,,Uroviricota,,Caudoviricetes,,,,,Boydwoodruffvirinae,Samistivirus,,Samistivirus peebs,E,Streptomyces phage Peebs,,,MF347638,NC_042011,Complete genome,dsDNA,bacteria,63.004000000000005
AT10B_S2_NODE_1_length_122269_cov_11.242561_106,ASR77447.1,85.4,82,12,0,1,82,1,82,3.99e-44,139.0,AT10B_S2_NODE_1_length_122269_cov_11,103329,ASR77447.1,hypothetical protein SEA_NOOTNOOT_224,Streptomyces phage NootNoot,82.0,MF347636.1,131086.0,Duplodnaviria,,Heunggongvirae,,Uroviricota,,Caudoviricetes,,,,,Boydwoodruffvirinae,Samistivirus,,Samistivirus nootnoot,E,Streptomyces phage NootNoot,,,MF347636,NC_042009,Complete genome,dsDNA,bacteria,70.028
AT10B_S2_NODE_1_length_122269_cov_11.242561_107,QGH76490.1,78.2,133,29,0,1,133,1,133,6.27e-67,201.0,AT10B_S2_NODE_1_length_122269_cov_11,103329,QGH76490.1,hypothetical protein SEA_DAUBENSKI_222,Streptomyces phage Daubenski,133.0,MN444876.1,133090.0,Duplodnaviria,,Heunggongvirae,,Uroviricota,,Caudoviricetes,,,,,Boydwoodruffvirinae,Samistivirus,,Samistivirus daubenski,E,Streptomyces phage Daubenski,,,MN444876,NC_055822,Complete genome,dsDNA,bacteria,104.00600000000001
AT10B_S2_NODE_1_length_122269_cov_11.242561_108,AST15419.1,93.1,101,6,1,1,100,1,101,2.28e-61,184.0,AT10B_S2_NODE_1_length_122269_cov_11,103329,AST15419.1,hypothetical protein SEA_SAMISTI12_233,Streptomyces phage Samisti12,102.0,MF347639.1,133710.0,Duplodnaviria,,Heunggongvirae,,Uroviricota,,Caudoviricetes,,,,,Boydwoodruffvirinae,Samistivirus,,Samistivirus samisti12,E,Streptomyces phage Samisti12,,,MF347639,NC_042012,Complete genome,dsDNA,bacteria,94.03099999999999
AT10B_S2_NODE_1_length_122269_cov_11.242561_109,QDH94055.1,87.3,63,8,0,1,63,1,63,5.49e-38,122.0,AT10B_S2_NODE_1_length_122269_cov_11,103329,QDH94055.1,hypothetical protein SEA_EVY_220,Streptomyces phage Evy,63.0,MK977711.1,132977.0,Duplodnaviria,,Heunggongvirae,,Uroviricota,,Caudoviricetes,,,,,Boydwoodruffvirinae,Samistivirus,,Samistivirus evy,E,Streptomyces phage Evy,,,MK977711,NC_055809,Complete genome,dsDNA,bacteria,54.998999999999995
AT10B_S2_NODE_1_length_122269_cov_11.242561_11,ASR77694.1,88.3,257,30,0,1,257,1,257,3.47e-177,489.0,AT10B_S2_NODE_1_length_122269_cov_11,103329,ASR77694.1,Cas4 family exonuclease,Streptomyces phage Paradiddles,257.0,MF347637.1,133486.0,Duplodnaviria,,Heunggongvirae,,Uroviricota,,Caudoviricetes,,,,,Boydwoodruffvirinae,Samistivirus,,Samistivirus paradiddles,E,Streptomyces phage Paradiddles,,,MF347637,NC_042010,Complete genome,dsDNA,bacteria,226.93099999999998
AT10B_S2_NODE_1_length_122269_cov_11.242561_110,AST15421.1,72.1,68,19,0,4,71,9,76,5.26e-34,113.0,AT10B_S2_NODE_1_length_122269_cov_11,103329,AST15421.1,hypothetical protein SEA_SAMISTI12_235,Streptomyces phage Samisti12,76.0,MF347639.1,133710.0,Duplodnaviria,,Heunggongvirae,,Uroviricota,,Caudoviricetes,,,,,Boydwoodruffvirinae,Samistivirus,,Samistivirus samisti12,E,Streptomyces phage Samisti12,,,MF347639,NC_042012,Complete genome,dsDNA,bacteria,49.028
AT10B_S2_NODE_1_length_122269_cov_11.242561_112,QDK02900.1,44.3,131,65,2,6,135,4,127,8.640000000000001e-31,109.0,AT10B_S2_NODE_1_length_122269_cov_11,103329,QDK02900.1,HNH endonuclease,Streptomyces phage Braelyn,133.0,MN096371.1,131234.0,Duplodnaviria,,Heunggongvirae,,Uroviricota,,Caudoviricetes,,,,,Boydwoodruffvirinae,Samistivirus,,Samistivirus braelyn,E,Streptomyces phage Braelyn,,,MN096371,NC_055813,Complete genome,dsDNA,bacteria,58.033
AT10B_S2_NODE_1_length_122269_cov_11.242561_114,ASR77890.1,51.3,39,19,0,3,41,4,42,6.81e-06,42.4,AT10B_S2_NODE_1_length_122269_cov_11,103329,ASR77890.1,hypothetical protein SEA_PEEBS_231,Streptomyces phage Peebs,78.0,MF347638.1,133047.0,Duplodnaviria,,Heunggongvirae,,Uroviricota,,Caudoviricetes,,,,,Boydwoodruffvirinae,Samistivirus,,Samistivirus peebs,E,Streptomyces phage Peebs,,,MF347638,NC_042011,Complete genome,dsDNA,bacteria,20.006999999999998
AT10B_S2_NODE_1_length_122269_cov_11.242561_115,AIW02695.1,82.5,200,35,0,1,200,1,200,2.63e-121,343.0,AT10B_S2_NODE_1_length_122269_cov_11,103329,AIW02695.1,hypothetical protein PBI_JAY2JAY_242,Streptomyces phage Jay2Jay,200.0,KM652554.1,133531.0,Duplodnaviria,,Heunggongvirae,,Uroviricota,,Caudoviricetes,,,,,Boydwoodruffvirinae,Samistivirus,,Samistivirus jay2jay,E,Streptomyces phage Jay2jay,,,KM652554,NC_029098,Complete genome,dsDNA,bacteria,165.0
AT10B_S2_NODE_1_length_122269_cov_11.242561_116,QDK03046.1,77.8,63,13,1,1,62,1,63,1.21e-25,91.3,AT10B_S2_NODE_1_length_122269_cov_11,103329,QDK03046.1,hypothetical protein SEA_BRAELYN_231,Streptomyces phage Braelyn,63.0,MN096371.1,131234.0,Duplodnaviria,,Heunggongvirae,,Uroviricota,,Caudoviricetes,,,,,Boydwoodruffvirinae,Samistivirus,,Samistivirus braelyn,E,Streptomyces phage Braelyn,,,MN096371,NC_055813,Complete genome,dsDNA,bacteria,49.013999999999996
AT10B_S2_NODE_1_length_122269_cov_11.242561_117,ASR77656.1,69.5,82,23,1,1,82,1,80,1.73e-32,110.0,AT10B_S2_NODE_1_length_122269_cov_11,103329,ASR77656.1,hypothetical protein SEA_PARADIDDLES_228,Streptomyces phage Paradiddles,80.0,MF347637.1,133486.0,Duplodnaviria,,Heunggongvirae,,Uroviricota,,Caudoviricetes,,,,,Boydwoodruffvirinae,Samistivirus,,Samistivirus paradiddles,E,Streptomyces phage Paradiddles,,,MF347637,NC_042010,Complete genome,dsDNA,bacteria,56.989999999999995
AT10B_S2_NODE_1_length_122269_cov_11.242561_118,ASR77456.1,60.9,87,33,1,1,86,1,87,1.9700000000000002e-33,112.0,AT10B_S2_NODE_1_length_122269_cov_11,103329,ASR77456.1,hypothetical protein SEA_NOOTNOOT_234,Streptomyces phage NootNoot,90.0,MF347636.1,131086.0,Duplodnaviria,,Heunggongvirae,,Uroviricota,,Caudoviricetes,,,,,Boydwoodruffvirinae,Samistivirus,,Samistivirus nootnoot,E,Streptomyces phage NootNoot,,,MF347636,NC_042009,Complete genome,dsDNA,bacteria,52.983
AT10B_S2_NODE_1_length_122269_cov_11.242561_119,QGH76499.1,63.7,135,47,1,4,136,3,137,8.02e-59,181.0,AT10B_S2_NODE_1_length_122269_cov_11,103329,QGH76499.1,hypothetical protein SEA_DAUBENSKI_232,Streptomyces phage Daubenski,139.0,MN444876.1,133090.0,Duplodnaviria,,Heunggongvirae,,Uroviricota,,Caudoviricetes,,,,,Boydwoodruffvirinae,Samistivirus,,Samistivirus daubenski,E,Streptomyces phage Daubenski,,,MN444876,NC_055822,Complete genome,dsDNA,bacteria,85.995
AT10B_S2_NODE_1_length_122269_cov_11.242561_12,QGH76399.1,89.9,188,19,0,1,188,1,188,3.04e-119,337.0,AT10B_S2_NODE_1_length_122269_cov_11,103329,QGH76399.1,RuvC-like resolvase,Streptomyces phage Daubenski,188.0,MN444876.1,133090.0,Duplodnaviria,,Heunggongvirae,,Uroviricota,,Caudoviricetes,,,,,Boydwoodruffvirinae,Samistivirus,,Samistivirus daubenski,E,Streptomyces phage Daubenski,,,MN444876,NC_055822,Complete genome,dsDNA,bacteria,169.012
AT10B_S2_NODE_1_length_122269_cov_11.242561_120,QDH94064.1,70.0,100,30,0,1,100,6,105,1.4200000000000001e-44,142.0,AT10B_S2_NODE_1_length_122269_cov_11,103329,QDH94064.1,thioredoxin,Streptomyces phage Evy,105.0,MK977711.1,132977.0,Duplodnaviria,,Heunggongvirae,,Uroviricota,,Caudoviricetes,,,,,Boydwoodruffvirinae,Samistivirus,,Samistivirus evy,E,Streptomyces phage Evy,,,MK977711,NC_055809,Complete genome,dsDNA,bacteria,70.0
AT10B_S2_NODE_1_length_122269_cov_11.242561_121,QJD50956.1,81.0,42,8,0,4,45,8,49,5.37e-20,75.9,AT10B_S2_NODE_1_length_122269_cov_11,103329,QJD50956.1,membrane protein,Streptomyces phage Bmoc,49.0,MT310865.1,132885.0,Duplodnaviria,,Heunggongvirae,,Uroviricota,,Caudoviricetes,,,,,Boydwoodruffvirinae,Samistivirus,,Samistivirus bmoc,E,Streptomyces phage Bmoc,,,MT310865,NC_055842,Complete genome,dsDNA,bacteria,34.019999999999996
AT10B_S2_NODE_1_length_122269_cov_11.242561_123,QGH76502.1,84.9,159,24,0,1,159,1,159,1.99e-96,277.0,AT10B_S2_NODE_1_length_122269_cov_11,103329,QGH76502.1,hypothetical protein SEA_DAUBENSKI_235,Streptomyces phage Daubenski,159.0,MN444876.1,133090.0,Duplodnaviria,,Heunggongvirae,,Uroviricota,,Caudoviricetes,,,,,Boydwoodruffvirinae,Samistivirus,,Samistivirus daubenski,E,Streptomyces phage Daubenski,,,MN444876,NC_055822,Complete genome,dsDNA,bacteria,134.991
AT10B_S2_NODE_1_length_122269_cov_11.242561_125,ASR75615.1,82.4,165,29,0,1,165,1,165,1.38e-99,286.0,AT10B_S2_NODE_1_length_122269_cov_11,103329,ASR75615.1,hypothetical protein SEA_MILDRED21_258,Streptomyces phage Mildred21,165.0,MF155946.1,131976.0,Duplodnaviria,,Heunggongvirae,,Uroviricota,,Caudoviricetes,,,,,Boydwoodruffvirinae,Samistivirus,,Samistivirus mildred21,E,Streptomyces phage Mildred21,,,MF155946,NC_042008,Complete genome,dsDNA,bacteria,135.96
AT10B_S2_NODE_1_length_122269_cov_11.242561_126,ASR77902.1,54.1,74,33,1,1,74,1,73,9.650000000000001e-21,79.7,AT10B_S2_NODE_1_length_122269_cov_11,103329,ASR77902.1,hypothetical protein SEA_PEEBS_243,Streptomyces phage Peebs,73.0,MF347638.1,133047.0,Duplodnaviria,,Heunggongvirae,,Uroviricota,,Caudoviricetes,,,,,Boydwoodruffvirinae,Samistivirus,,Samistivirus peebs,E,Streptomyces phage Peebs,,,MF347638,NC_042011,Complete genome,dsDNA,bacteria,40.034
AT10B_S2_NODE_1_length_122269_cov_11.242561_127,QJD50962.1,84.6,78,12,0,1,78,1,78,2.1200000000000001e-44,139.0,AT10B_S2_NODE_1_length_122269_cov_11,103329,QJD50962.1,hypothetical protein SEA_BMOC_254,Streptomyces phage Bmoc,78.0,MT310865.1,132885.0,Duplodnaviria,,Heunggongvirae,,Uroviricota,,Caudoviricetes,,,,,Boydwoodruffvirinae,Samistivirus,,Samistivirus bmoc,E,Streptomyces phage Bmoc,,,MT310865,NC_055842,Complete genome,dsDNA,bacteria,65.988
AT10B_S2_NODE_1_length_122269_cov_11.242561_128,QJD50963.1,70.7,92,24,1,1,89,1,92,2.5e-44,140.0,AT10B_S2_NODE_1_length_122269_cov_11,103329,QJD50963.1,hypothetical protein SEA_BMOC_255,Streptomyces phage Bmoc,92.0,MT310865.1,132885.0,Duplodnaviria,,Heunggongvirae,,Uroviricota,,Caudoviricetes,,,,,Boydwoodruffvirinae,Samistivirus,,Samistivirus bmoc,E,Streptomyces phage Bmoc,,,MT310865,NC_055842,Complete genome,dsDNA,bacteria,65.04400000000001
AT10B_S2_NODE_1_length_122269_cov_11.242561_13,ASR77572.1,77.5,151,34,0,1,151,1,151,4.02e-84,246.0,AT10B_S2_NODE_1_length_122269_cov_11,103329,ASR77572.1,DprA-like ssDNA binding protein,Streptomyces phage Paradiddles,153.0,MF347637.1,133486.0,Duplodnaviria,,Heunggongvirae,,Uroviricota,,Caudoviricetes,,,,,Boydwoodruffvirinae,Samistivirus,,Samistivirus paradiddles,E,Streptomyces phage Paradiddles,,,MF347637,NC_042010,Complete genome,dsDNA,bacteria,117.025
AT10B_S2_NODE_1_length_122269_cov_11.242561_130,ASR75621.1,78.3,69,14,1,16,83,1,69,1.9500000000000002e-33,112.0,AT10B_S2_NODE_1_length_122269_cov_11,103329,ASR75621.1,hypothetical protein SEA_MILDRED21_264,Streptomyces phage Mildred21,69.0,MF155946.1,131976.0,Duplodnaviria,,Heunggongvirae,,Uroviricota,,Caudoviricetes,,,,,Boydwoodruffvirinae,Samistivirus,,Samistivirus mildred21,E,Streptomyces phage Mildred21,,,MF155946,NC_042008,Complete genome,dsDNA,bacteria,54.026999999999994
AT10B_S2_NODE_1_length_122269_cov_11.242561_131,QDH94074.1,83.0,336,50,2,1,329,1,336,1.6899999999999998e-197,547.0,AT10B_S2_NODE_1_length_122269_cov_11,103329,QDH94074.1,hypothetical protein SEA_EVY_240,Streptomyces phage Evy,337.0,MK977711.1,132977.0,Duplodnaviria,,Heunggongvirae,,Uroviricota,,Caudoviricetes,,,,,Boydwoodruffvirinae,Samistivirus,,Samistivirus evy,E,Streptomyces phage Evy,,,MK977711,NC_055809,Complete genome,dsDNA,bacteria,278.88
AT10B_S2_NODE_1_length_122269_cov_11.242561_132,QDH94075.1,62.5,112,39,1,49,157,44,155,3.0899999999999998e-40,135.0,AT10B_S2_NODE_1_length_122269_cov_11,103329,QDH94075.1,hypothetical protein SEA_EVY_241,Streptomyces phage Evy,155.0,MK977711.1,132977.0,Duplodnaviria,,Heunggongvirae,,Uroviricota,,Caudoviricetes,,,,,Boydwoodruffvirinae,Samistivirus,,Samistivirus evy,E,Streptomyces phage Evy,,,MK977711,NC_055809,Complete genome,dsDNA,bacteria,70.0
AT10B_S2_NODE_1_length_122269_cov_11.242561_133,AST15440.1,45.1,144,71,1,1,136,1,144,1.56e-33,117.0,AT10B_S2_NODE_1_length_122269_cov_11,103329,AST15440.1,hypothetical protein SEA_SAMISTI12_255,Streptomyces phage Samisti12,146.0,MF347639.1,133710.0,Duplodnaviria,,Heunggongvirae,,Uroviricota,,Caudoviricetes,,,,,Boydwoodruffvirinae,Samistivirus,,Samistivirus samisti12,E,Streptomyces phage Samisti12,,,MF347639,NC_042012,Complete genome,dsDNA,bacteria,64.944
AT10B_S2_NODE_1_length_122269_cov_11.242561_134,QJD50969.1,80.4,107,21,0,1,107,1,107,7.25e-58,176.0,AT10B_S2_NODE_1_length_122269_cov_11,103329,QJD50969.1,hypothetical protein SEA_BMOC_261,Streptomyces phage Bmoc,111.0,MT310865.1,132885.0,Duplodnaviria,,Heunggongvirae,,Uroviricota,,Caudoviricetes,,,,,Boydwoodruffvirinae,Samistivirus,,Samistivirus bmoc,E,Streptomyces phage Bmoc,,,MT310865,NC_055842,Complete genome,dsDNA,bacteria,86.028
AT10B_S2_NODE_1_length_122269_cov_11.242561_135,QBP31000.1,89.8,49,5,0,1,49,1,49,3.8200000000000005e-27,94.4,AT10B_S2_NODE_1_length_122269_cov_11,103329,QBP31000.1,hypothetical protein SEA_EGOLE_260,Streptomyces phage EGole,54.0,MK494112.1,135653.0,Duplodnaviria,,Heunggongvirae,,Uroviricota,,Caudoviricetes,,,,,Boydwoodruffvirinae,Samistivirus,,Samistivirus egole,E,Streptomyces phage Egole,,,MK494112,NC_055791,Complete genome,dsDNA,bacteria,44.001999999999995
AT10B_S2_NODE_1_length_122269_cov_11.242561_136,ASR77913.1,69.4,173,50,3,1,173,3,172,5.589999999999999e-68,206.0,AT10B_S2_NODE_1_length_122269_cov_11,103329,ASR77913.1,Lsr2-like DNA bridging protein,Streptomyces phage Peebs,172.0,MF347638.1,133047.0,Duplodnaviria,,Heunggongvirae,,Uroviricota,,Caudoviricetes,,,,,Boydwoodruffvirinae,Samistivirus,,Samistivirus peebs,E,Streptomyces phage Peebs,,,MF347638,NC_042011,Complete genome,dsDNA,bacteria,120.06200000000001
AT10B_S2_NODE_1_length_122269_cov_11.242561_137,QGH76518.1,78.7,244,52,0,1,244,1,244,5.04e-143,402.0,AT10B_S2_NODE_1_length_122269_cov_11,103329,QGH76518.1,hypothetical protein SEA_DAUBENSKI_253,Streptomyces phage Daubenski,244.0,MN444876.1,133090.0,Duplodnaviria,,Heunggongvirae,,Uroviricota,,Caudoviricetes,,,,,Boydwoodruffvirinae,Samistivirus,,Samistivirus daubenski,E,Streptomyces phage Daubenski,,,MN444876,NC_055822,Complete genome,dsDNA,bacteria,192.028
AT10B_S2_NODE_1_length_122269_cov_11.242561_138,ASR75629.1,67.0,91,30,0,1,91,1,91,3.3300000000000004e-47,147.0,AT10B_S2_NODE_1_length_122269_cov_11,103329,ASR75629.1,hypothetical protein SEA_MILDRED21_272,Streptomyces phage Mildred21,91.0,MF155946.1,131976.0,Duplodnaviria,,Heunggongvirae,,Uroviricota,,Caudoviricetes,,,,,Boydwoodruffvirinae,Samistivirus,,Samistivirus mildred21,E,Streptomyces phage Mildred21,,,MF155946,NC_042008,Complete genome,dsDNA,bacteria,60.97
AT10B_S2_NODE_1_length_122269_cov_11.242561_139,QDH94082.1,79.2,101,21,0,1,101,1,101,3.65e-51,158.0,AT10B_S2_NODE_1_length_122269_cov_11,103329,QDH94082.1,ParB-like nuclease domain protein,Streptomyces phage Evy,101.0,MK977711.1,132977.0,Duplodnaviria,,Heunggongvirae,,Uroviricota,,Caudoviricetes,,,,,Boydwoodruffvirinae,Samistivirus,,Samistivirus evy,E,Streptomyces phage Evy,,,MK977711,NC_055809,Complete genome,dsDNA,bacteria,79.992
AT10B_S2_NODE_1_length_122269_cov_11.242561_14,QGH76401.1,72.0,50,14,0,1,50,1,50,1.82e-20,77.4,AT10B_S2_NODE_1_length_122269_cov_11,103329,QGH76401.1,hypothetical protein SEA_DAUBENSKI_94,Streptomyces phage Daubenski,50.0,MN444876.1,133090.0,Duplodnaviria,,Heunggongvirae,,Uroviricota,,Caudoviricetes,,,,,Boydwoodruffvirinae,Samistivirus,,Samistivirus daubenski,E,Streptomyces phage Daubenski,,,MN444876,NC_055822,Complete genome,dsDNA,bacteria,36.0
AT10B_S2_NODE_1_length_122269_cov_11.242561_140,ASR75631.1,77.8,99,22,0,1,99,1,99,2.82e-54,166.0,AT10B_S2_NODE_1_length_122269_cov_11,103329,ASR75631.1,ParB-like nuclease domain protein,Streptomyces phage Mildred21,99.0,MF155946.1,131976.0,Duplodnaviria,,Heunggongvirae,,Uroviricota,,Caudoviricetes,,,,,Boydwoodruffvirinae,Samistivirus,,Samistivirus mildred21,E,Streptomyces phage Mildred21,,,MF155946,NC_042008,Complete genome,dsDNA,bacteria,77.02199999999999
AT10B_S2_NODE_1_length_122269_cov_11.242561_141,QJD50975.1,69.3,88,27,0,1,88,1,88,1.07e-35,118.0,AT10B_S2_NODE_1_length_122269_cov_11,103329,QJD50975.1,hypothetical protein SEA_BMOC_267,Streptomyces phage Bmoc,89.0,MT310865.1,132885.0,Duplodnaviria,,Heunggongvirae,,Uroviricota,,Caudoviricetes,,,,,Boydwoodruffvirinae,Samistivirus,,Samistivirus bmoc,E,Streptomyces phage Bmoc,,,MT310865,NC_055842,Complete genome,dsDNA,bacteria,60.983999999999995
AT10B_S2_NODE_1_length_122269_cov_11.242561_144,QDH94087.1,63.4,93,34,0,1,93,1,93,1.0099999999999999e-42,136.0,AT10B_S2_NODE_1_length_122269_cov_11,103329,QDH94087.1,hypothetical protein SEA_EVY_253,Streptomyces phage Evy,93.0,MK977711.1,132977.0,Duplodnaviria,,Heunggongvirae,,Uroviricota,,Caudoviricetes,,,,,Boydwoodruffvirinae,Samistivirus,,Samistivirus evy,E,Streptomyces phage Evy,,,MK977711,NC_055809,Complete genome,dsDNA,bacteria,58.962
AT10B_S2_NODE_1_length_122269_cov_11.242561_147,QBP31012.1,82.7,104,18,0,1,104,1,104,9.94e-64,190.0,AT10B_S2_NODE_1_length_122269_cov_11,103329,QBP31012.1,hypothetical protein SEA_EGOLE_272,Streptomyces phage EGole,104.0,MK494112.1,135653.0,Duplodnaviria,,Heunggongvirae,,Uroviricota,,Caudoviricetes,,,,,Boydwoodruffvirinae,Samistivirus,,Samistivirus egole,E,Streptomyces phage Egole,,,MK494112,NC_055791,Complete genome,dsDNA,bacteria,86.00800000000001
AT10B_S2_NODE_1_length_122269_cov_11.242561_148,ASR77486.1,81.2,101,19,0,3,103,4,104,1.85e-61,184.0,AT10B_S2_NODE_1_length_122269_cov_11,103329,ASR77486.1,hypothetical protein SEA_NOOTNOOT_264,Streptomyces phage NootNoot,104.0,MF347636.1,131086.0,Duplodnaviria,,Heunggongvirae,,Uroviricota,,Caudoviricetes,,,,,Boydwoodruffvirinae,Samistivirus,,Samistivirus nootnoot,E,Streptomyces phage NootNoot,,,MF347636,NC_042009,Complete genome,dsDNA,bacteria,82.012
AT10B_S2_NODE_1_length_122269_cov_11.242561_149,QDH94093.1,91.2,68,6,0,2,69,4,71,1.95e-39,126.0,AT10B_S2_NODE_1_length_122269_cov_11,103329,QDH94093.1,hypothetical protein SEA_EVY_259,Streptomyces phage Evy,73.0,MK977711.1,132977.0,Duplodnaviria,,Heunggongvirae,,Uroviricota,,Caudoviricetes,,,,,Boydwoodruffvirinae,Samistivirus,,Samistivirus evy,E,Streptomyces phage Evy,,,MK977711,NC_055809,Complete genome,dsDNA,bacteria,62.016000000000005
AT10B_S2_NODE_1_length_122269_cov_11.242561_15,ALM64629.1,31.0,174,100,6,26,187,7,172,1.13e-16,76.3,AT10B_S2_NODE_1_length_122269_cov_11,103329,ALM64629.1,HNH endonuclease,Lactococcus phage 936 group phage PhiM1127,174.0,KP793132.1,32682.0,Duplodnaviria,,Heunggongvirae,,Uroviricota,,Caudoviricetes,,,,,,Skunavirus,,Skunavirus M1127,E,Lactococcus phage 936 group phage PhiM1127,,,KP793132,NC_049368,Complete genome,dsDNA,bacteria,53.94
AT10B_S2_NODE_1_length_122269_cov_11.242561_150,ASR77488.1,83.0,47,8,0,35,81,1,47,1.16e-21,81.6,AT10B_S2_NODE_1_length_122269_cov_11,103329,ASR77488.1,hypothetical protein SEA_NOOTNOOT_266,Streptomyces phage NootNoot,47.0,MF347636.1,131086.0,Duplodnaviria,,Heunggongvirae,,Uroviricota,,Caudoviricetes,,,,,Boydwoodruffvirinae,Samistivirus,,Samistivirus nootnoot,E,Streptomyces phage NootNoot,,,MF347636,NC_042009,Complete genome,dsDNA,bacteria,39.01
AT10B_S2_NODE_1_length_122269_cov_11.242561_151,QGH76530.1,80.7,145,28,0,1,145,1,145,1.15e-86,251.0,AT10B_S2_NODE_1_length_122269_cov_11,103329,QGH76530.1,HNH endonuclease,Streptomyces phage Daubenski,145.0,MN444876.1,133090.0,Duplodnaviria,,Heunggongvirae,,Uroviricota,,Caudoviricetes,,,,,Boydwoodruffvirinae,Samistivirus,,Samistivirus daubenski,E,Streptomyces phage Daubenski,,,MN444876,NC_055822,Complete genome,dsDNA,bacteria,117.015
AT10B_S2_NODE_1_length_122269_cov_11.242561_152,ASR75431.1,70.4,71,19,1,1,71,1,69,6.1399999999999995e-30,103.0,AT10B_S2_NODE_1_length_122269_cov_11,103329,ASR75431.1,hypothetical protein SEA_MILDRED21_23,Streptomyces phage Mildred21,80.0,MF155946.1,131976.0,Duplodnaviria,,Heunggongvirae,,Uroviricota,,Caudoviricetes,,,,,Boydwoodruffvirinae,Samistivirus,,Samistivirus mildred21,E,Streptomyces phage Mildred21,,,MF155946,NC_042008,Complete genome,dsDNA,bacteria,49.984
AT10B_S2_NODE_1_length_122269_cov_11.242561_153,QGH76336.1,80.4,219,43,0,4,222,3,221,1.2799999999999999e-128,364.0,AT10B_S2_NODE_1_length_122269_cov_11,103329,QGH76336.1,ThyX-like thymidylate synthase,Streptomyces phage Daubenski,229.0,MN444876.1,133090.0,Duplodnaviria,,Heunggongvirae,,Uroviricota,,Caudoviricetes,,,,,Boydwoodruffvirinae,Samistivirus,,Samistivirus daubenski,E,Streptomyces phage Daubenski,,,MN444876,NC_055822,Complete genome,dsDNA,bacteria,176.07600000000002
AT10B_S2_NODE_1_length_122269_cov_11.242561_154,CBV65221.1,48.9,47,20,1,3,45,86,132,8.05e-08,47.8,AT10B_S2_NODE_1_length_122269_cov_11,103329,CBV65221.1,"hypothetical phage protein, partial",Salmonella phage Vi06,158.0,FR667955.1,38368.0,Duplodnaviria,,Heunggongvirae,,Uroviricota,,Caudoviricetes,,,,Autographiviridae,Studiervirinae,Teseptimavirus,,Teseptimavirus Vi06,E,Salmonella phage Vi06,,,FR667955,NC_015271,Complete genome,dsDNA,bacteria,22.982999999999997
AT10B_S2_NODE_1_length_122269_cov_11.242561_155,QJD50776.1,61.0,182,68,1,2,180,3,184,4.06e-84,248.0,AT10B_S2_NODE_1_length_122269_cov_11,103329,QJD50776.1,MutT-like nucleotide pyrophosphohydrolase,Streptomyces phage Bmoc,184.0,MT310865.1,132885.0,Duplodnaviria,,Heunggongvirae,,Uroviricota,,Caudoviricetes,,,,,Boydwoodruffvirinae,Samistivirus,,Samistivirus bmoc,E,Streptomyces phage Bmoc,,,MT310865,NC_055842,Complete genome,dsDNA,bacteria,111.02000000000001
AT10B_S2_NODE_1_length_122269_cov_11.242561_156,QDK02886.1,68.5,54,17,0,1,54,1,54,2.45e-17,69.7,AT10B_S2_NODE_1_length_122269_cov_11,103329,QDK02886.1,hypothetical protein SEA_BRAELYN_28,Streptomyces phage Braelyn,54.0,MN096371.1,131234.0,Duplodnaviria,,Heunggongvirae,,Uroviricota,,Caudoviricetes,,,,,Boydwoodruffvirinae,Samistivirus,,Samistivirus braelyn,E,Streptomyces phage Braelyn,,,MN096371,NC_055813,Complete genome,dsDNA,bacteria,36.99
AT10B_S2_NODE_1_length_122269_cov_11.242561_157,AST15258.1,66.0,47,16,0,5,51,4,50,2.24e-13,59.7,AT10B_S2_NODE_1_length_122269_cov_11,103329,AST15258.1,hypothetical protein SEA_SAMISTI12_26,Streptomyces phage Samisti12,57.0,MF347639.1,133710.0,Duplodnaviria,,Heunggongvirae,,Uroviricota,,Caudoviricetes,,,,,Boydwoodruffvirinae,Samistivirus,,Samistivirus samisti12,E,Streptomyces phage Samisti12,,,MF347639,NC_042012,Complete genome,dsDNA,bacteria,31.02
AT10B_S2_NODE_1_length_122269_cov_11.242561_158,QJD50779.1,70.5,105,23,2,4,102,5,107,1.15e-44,142.0,AT10B_S2_NODE_1_length_122269_cov_11,103329,QJD50779.1,hypothetical protein SEA_BMOC_29,Streptomyces phage Bmoc,107.0,MT310865.1,132885.0,Duplodnaviria,,Heunggongvirae,,Uroviricota,,Caudoviricetes,,,,,Boydwoodruffvirinae,Samistivirus,,Samistivirus bmoc,E,Streptomyces phage Bmoc,,,MT310865,NC_055842,Complete genome,dsDNA,bacteria,74.025
AT10B_S2_NODE_1_length_122269_cov_11.242561_159,AIW02533.1,78.8,288,57,3,1,287,1,285,1.21e-142,405.0,AT10B_S2_NODE_1_length_122269_cov_11,103329,AIW02533.1,hypothetical protein PBI_JAY2JAY_34,Streptomyces phage Jay2Jay,289.0,KM652554.1,133531.0,Duplodnaviria,,Heunggongvirae,,Uroviricota,,Caudoviricetes,,,,,Boydwoodruffvirinae,Samistivirus,,Samistivirus jay2jay,E,Streptomyces phage Jay2jay,,,KM652554,NC_029098,Complete genome,dsDNA,bacteria,226.944
AT10B_S2_NODE_1_length_122269_cov_11.242561_161,AXH49222.1,42.9,56,30,1,1,56,2,55,1.93e-11,55.1,AT10B_S2_NODE_1_length_122269_cov_11,103329,AXH49222.1,hypothetical protein SEA_BLUEEYEDBEAUTY_79,Streptomyces phage Blueeyedbeauty,57.0,MH536814.1,130473.0,Duplodnaviria,,Heunggongvirae,,Uroviricota,,Caudoviricetes,,,,,,Annadreamyvirus,,Annadreamyvirus blueeyedbeauty,E,Streptomyces phage Blueeyedbeauty,,,MH536814,NC_048720,Complete genome,dsDNA,bacteria,24.024
AT10B_S2_NODE_1_length_122269_cov_11.242561_162,ASR77301.1,66.7,54,18,0,1,54,1,54,4.7e-24,86.7,AT10B_S2_NODE_1_length_122269_cov_11,103329,ASR77301.1,hypothetical protein SEA_NOOTNOOT_31,Streptomyces phage NootNoot,54.0,MF347636.1,131086.0,Duplodnaviria,,Heunggongvirae,,Uroviricota,,Caudoviricetes,,,,,Boydwoodruffvirinae,Samistivirus,,Samistivirus nootnoot,E,Streptomyces phage NootNoot,,,MF347636,NC_042009,Complete genome,dsDNA,bacteria,36.018
AT10B_S2_NODE_1_length_122269_cov_11.242561_164,QBP30836.1,77.1,157,32,1,1,153,1,157,2.38e-86,251.0,AT10B_S2_NODE_1_length_122269_cov_11,103329,QBP30836.1,HNH endonuclease,Streptomyces phage EGole,157.0,MK494112.1,135653.0,Duplodnaviria,,Heunggongvirae,,Uroviricota,,Caudoviricetes,,,,,Boydwoodruffvirinae,Samistivirus,,Samistivirus egole,E,Streptomyces phage Egole,,,MK494112,NC_055791,Complete genome,dsDNA,bacteria,121.047
AT10B_S2_NODE_1_length_122269_cov_11.242561_165,AXH69566.1,54.9,142,58,3,26,166,45,181,2.3299999999999998e-45,149.0,AT10B_S2_NODE_1_length_122269_cov_11,103329,AXH69566.1,endolysin,Streptomyces phage LukeCage,181.0,MH590597.1,133195.0,Duplodnaviria,,Heunggongvirae,,Uroviricota,,Caudoviricetes,,,,,Boydwoodruffvirinae,Karimacvirus,,Streptomyces virus LukeCage,E,Streptomyces phage LukeCage,,,MH590597,NC_048723,Complete genome,dsDNA,bacteria,77.958
AT10B_S2_NODE_1_length_122269_cov_11.242561_166,QJD50787.1,60.7,56,22,0,1,56,1,56,3.39e-18,72.0,AT10B_S2_NODE_1_length_122269_cov_11,103329,QJD50787.1,hypothetical protein SEA_BMOC_38,Streptomyces phage Bmoc,56.0,MT310865.1,132885.0,Duplodnaviria,,Heunggongvirae,,Uroviricota,,Caudoviricetes,,,,,Boydwoodruffvirinae,Samistivirus,,Samistivirus bmoc,E,Streptomyces phage Bmoc,,,MT310865,NC_055842,Complete genome,dsDNA,bacteria,33.992000000000004
AT10B_S2_NODE_1_length_122269_cov_11.242561_168,ASR77527.1,83.6,299,47,2,1,298,25,322,6.7900000000000005e-192,531.0,AT10B_S2_NODE_1_length_122269_cov_11,103329,ASR77527.1,glycosyltransferase,Streptomyces phage Paradiddles,322.0,MF347637.1,133486.0,Duplodnaviria,,Heunggongvirae,,Uroviricota,,Caudoviricetes,,,,,Boydwoodruffvirinae,Samistivirus,,Samistivirus paradiddles,E,Streptomyces phage Paradiddles,,,MF347637,NC_042010,Complete genome,dsDNA,bacteria,249.964
AT10B_S2_NODE_1_length_122269_cov_11.242561_169,QJD50790.1,90.2,650,61,1,1,650,1,647,0.0,1193.0,AT10B_S2_NODE_1_length_122269_cov_11,103329,QJD50790.1,ribonucleotide reductase,Streptomyces phage Bmoc,647.0,MT310865.1,132885.0,Duplodnaviria,,Heunggongvirae,,Uroviricota,,Caudoviricetes,,,,,Boydwoodruffvirinae,Samistivirus,,Samistivirus bmoc,E,Streptomyces phage Bmoc,,,MT310865,NC_055842,Complete genome,dsDNA,bacteria,586.3000000000001
AT10B_S2_NODE_1_length_122269_cov_11.242561_17,AGE58821.1,35.1,265,148,10,2,247,6,265,9.79e-35,127.0,AT10B_S2_NODE_1_length_122269_cov_11,103329,AGE58821.1,glycosyltransferase,Paramecium bursaria Chlorella virus NYs1,270.0,JX997183.1,348463.0,,,,,,,,,,,,,,,,,,,,,,,,,93.015
AT10B_S2_NODE_1_length_122269_cov_11.242561_170,AYB70884.1,72.6,303,76,4,5,307,1,296,2.26e-147,418.0,AT10B_S2_NODE_1_length_122269_cov_11,103329,AYB70884.1,LysM-like peptidoglycan-binding protein,Streptomyces phage Yaboi,297.0,MH727564.1,131250.0,Duplodnaviria,,Heunggongvirae,,Uroviricota,,Caudoviricetes,,,,,Boydwoodruffvirinae,Karimacvirus,,Streptomyces virus Yaboi,E,Streptomyces phage Yaboi,,,MH727564,NC_048730,Complete genome,dsDNA,bacteria,219.97799999999998
AT10B_S2_NODE_1_length_122269_cov_11.242561_171,QJD50792.1,74.5,580,146,2,1,578,1,580,0.0,880.0,AT10B_S2_NODE_1_length_122269_cov_11,103329,QJD50792.1,hypothetical protein SEA_BMOC_43,Streptomyces phage Bmoc,580.0,MT310865.1,132885.0,Duplodnaviria,,Heunggongvirae,,Uroviricota,,Caudoviricetes,,,,,Boydwoodruffvirinae,Samistivirus,,Samistivirus bmoc,E,Streptomyces phage Bmoc,,,MT310865,NC_055842,Complete genome,dsDNA,bacteria,432.09999999999997
AT10B_S2_NODE_1_length_122269_cov_11.242561_172,QJD50793.1,83.8,111,18,0,1,111,1,111,1.08e-68,203.0,AT10B_S2_NODE_1_length_122269_cov_11,103329,QJD50793.1,hypothetical protein SEA_BMOC_44,Streptomyces phage Bmoc,111.0,MT310865.1,132885.0,Duplodnaviria,,Heunggongvirae,,Uroviricota,,Caudoviricetes,,,,,Boydwoodruffvirinae,Samistivirus,,Samistivirus bmoc,E,Streptomyces phage Bmoc,,,MT310865,NC_055842,Complete genome,dsDNA,bacteria,93.018
AT10B_S2_NODE_1_length_122269_cov_11.242561_173,QDH93915.1,90.1,525,51,1,1,524,1,525,0.0,933.0,AT10B_S2_NODE_1_length_122269_cov_11,103329,QDH93915.1,portal protein,Streptomyces phage Evy,525.0,MK977711.1,132977.0,Duplodnaviria,,Heunggongvirae,,Uroviricota,,Caudoviricetes,,,,,Boydwoodruffvirinae,Samistivirus,,Samistivirus evy,E,Streptomyces phage Evy,,,MK977711,NC_055809,Complete genome,dsDNA,bacteria,473.025
AT10B_S2_NODE_1_length_122269_cov_11.242561_174,AIW02551.1,75.8,149,36,0,1,149,1,149,7.36e-85,247.0,AT10B_S2_NODE_1_length_122269_cov_11,103329,AIW02551.1,hypothetical protein PBI_JAY2JAY_53,Streptomyces phage Jay2Jay,149.0,KM652554.1,133531.0,Duplodnaviria,,Heunggongvirae,,Uroviricota,,Caudoviricetes,,,,,Boydwoodruffvirinae,Samistivirus,,Samistivirus jay2jay,E,Streptomyces phage Jay2jay,,,KM652554,NC_029098,Complete genome,dsDNA,bacteria,112.942
AT10B_S2_NODE_1_length_122269_cov_11.242561_175,QGH76358.1,83.8,427,51,2,1,409,1,427,1.7099999999999998e-216,602.0,AT10B_S2_NODE_1_length_122269_cov_11,103329,QGH76358.1,capsid maturation protease,Streptomyces phage Daubenski,427.0,MN444876.1,133090.0,Duplodnaviria,,Heunggongvirae,,Uroviricota,,Caudoviricetes,,,,,Boydwoodruffvirinae,Samistivirus,,Samistivirus daubenski,E,Streptomyces phage Daubenski,,,MN444876,NC_055822,Complete genome,dsDNA,bacteria,357.82599999999996
AT10B_S2_NODE_1_length_122269_cov_11.242561_176,ASR75455.1,93.7,331,21,0,1,331,1,331,3.3399999999999996e-228,625.0,AT10B_S2_NODE_1_length_122269_cov_11,103329,ASR75455.1,major capsid protein,Streptomyces phage Mildred21,331.0,MF155946.1,131976.0,Duplodnaviria,,Heunggongvirae,,Uroviricota,,Caudoviricetes,,,,,Boydwoodruffvirinae,Samistivirus,,Samistivirus mildred21,E,Streptomyces phage Mildred21,,,MF155946,NC_042008,Complete genome,dsDNA,bacteria,310.147
AT10B_S2_NODE_1_length_122269_cov_11.242561_177,ASR77756.1,75.9,133,29,1,1,130,1,133,9.210000000000001e-66,197.0,AT10B_S2_NODE_1_length_122269_cov_11,103329,ASR77756.1,hypothetical protein SEA_PEEBS_50,Streptomyces phage Peebs,133.0,MF347638.1,133047.0,Duplodnaviria,,Heunggongvirae,,Uroviricota,,Caudoviricetes,,,,,Boydwoodruffvirinae,Samistivirus,,Samistivirus peebs,E,Streptomyces phage Peebs,,,MF347638,NC_042011,Complete genome,dsDNA,bacteria,100.94700000000002
AT10B_S2_NODE_1_length_122269_cov_11.242561_178,AXQ63303.1,60.2,128,50,1,1,127,1,128,3.93e-49,155.0,AT10B_S2_NODE_1_length_122269_cov_11,103329,AXQ63303.1,hypothetical protein SEA_COMRADE_30,Streptomyces phage Comrade,128.0,MH651172.1,129015.0,Duplodnaviria,,Heunggongvirae,,Uroviricota,,Caudoviricetes,,,,,,Gilsonvirus,,Gilsonvirus comrade,E,Streptomyces phage Comrade,,,MH651172,NC_048728,Complete genome,dsDNA,bacteria,77.05600000000001
AT10B_S2_NODE_1_length_122269_cov_11.242561_180,QJD50799.1,64.8,301,94,3,1,300,1,290,1.55e-139,397.0,AT10B_S2_NODE_1_length_122269_cov_11,103329,QJD50799.1,head-to-tail adaptor,Streptomyces phage Bmoc,290.0,MT310865.1,132885.0,Duplodnaviria,,Heunggongvirae,,Uroviricota,,Caudoviricetes,,,,,Boydwoodruffvirinae,Samistivirus,,Samistivirus bmoc,E,Streptomyces phage Bmoc,,,MT310865,NC_055842,Complete genome,dsDNA,bacteria,195.04799999999997
AT10B_S2_NODE_1_length_122269_cov_11.242561_181,QGH76362.1,89.5,162,17,0,1,162,1,162,1.59e-106,303.0,AT10B_S2_NODE_1_length_122269_cov_11,103329,QGH76362.1,hypothetical protein SEA_DAUBENSKI_54,Streptomyces phage Daubenski,162.0,MN444876.1,133090.0,Duplodnaviria,,Heunggongvirae,,Uroviricota,,Caudoviricetes,,,,,Boydwoodruffvirinae,Samistivirus,,Samistivirus daubenski,E,Streptomyces phage Daubenski,,,MN444876,NC_055822,Complete genome,dsDNA,bacteria,144.99
AT10B_S2_NODE_1_length_122269_cov_11.242561_182,QBP30851.1,79.2,264,55,0,1,264,3,266,1.38e-155,436.0,AT10B_S2_NODE_1_length_122269_cov_11,103329,QBP30851.1,hypothetical protein SEA_EGOLE_55,Streptomyces phage EGole,266.0,MK494112.1,135653.0,Duplodnaviria,,Heunggongvirae,,Uroviricota,,Caudoviricetes,,,,,Boydwoodruffvirinae,Samistivirus,,Samistivirus egole,E,Streptomyces phage Egole,,,MK494112,NC_055791,Complete genome,dsDNA,bacteria,209.08800000000002
AT10B_S2_NODE_1_length_122269_cov_11.242561_183,ASR77760.1,79.8,168,33,1,1,168,1,167,1.73e-97,281.0,AT10B_S2_NODE_1_length_122269_cov_11,103329,ASR77760.1,hypothetical protein SEA_PEEBS_54,Streptomyces phage Peebs,168.0,MF347638.1,133047.0,Duplodnaviria,,Heunggongvirae,,Uroviricota,,Caudoviricetes,,,,,Boydwoodruffvirinae,Samistivirus,,Samistivirus peebs,E,Streptomyces phage Peebs,,,MF347638,NC_042011,Complete genome,dsDNA,bacteria,134.064
AT10B_S2_NODE_1_length_122269_cov_11.242561_184,QGH76365.1,91.3,207,18,0,1,207,1,207,1.59e-130,367.0,AT10B_S2_NODE_1_length_122269_cov_11,103329,QGH76365.1,major tail protein,Streptomyces phage Daubenski,207.0,MN444876.1,133090.0,Duplodnaviria,,Heunggongvirae,,Uroviricota,,Caudoviricetes,,,,,Boydwoodruffvirinae,Samistivirus,,Samistivirus daubenski,E,Streptomyces phage Daubenski,,,MN444876,NC_055822,Complete genome,dsDNA,bacteria,188.99099999999999
AT10B_S2_NODE_1_length_122269_cov_11.242561_185,ASR77762.1,87.7,114,14,0,1,114,1,114,1.91e-68,203.0,AT10B_S2_NODE_1_length_122269_cov_11,103329,ASR77762.1,hypothetical protein SEA_PEEBS_56,Streptomyces phage Peebs,114.0,MF347638.1,133047.0,Duplodnaviria,,Heunggongvirae,,Uroviricota,,Caudoviricetes,,,,,Boydwoodruffvirinae,Samistivirus,,Samistivirus peebs,E,Streptomyces phage Peebs,,,MF347638,NC_042011,Complete genome,dsDNA,bacteria,99.978
AT10B_S2_NODE_1_length_122269_cov_11.242561_186,ASR75463.1,84.3,89,14,0,1,89,1,89,1.05e-49,154.0,AT10B_S2_NODE_1_length_122269_cov_11,103329,ASR75463.1,hypothetical protein SEA_MILDRED21_56,Streptomyces phage Mildred21,89.0,MF155946.1,131976.0,Duplodnaviria,,Heunggongvirae,,Uroviricota,,Caudoviricetes,,,,,Boydwoodruffvirinae,Samistivirus,,Samistivirus mildred21,E,Streptomyces phage Mildred21,,,MF155946,NC_042008,Complete genome,dsDNA,bacteria,75.027
AT10B_S2_NODE_1_length_122269_cov_11.242561_187,AIW02562.1,74.6,2123,506,10,1,2111,1,2102,0.0,2655.0,AT10B_S2_NODE_1_length_122269_cov_11,103329,AIW02562.1,tape measure protein,Streptomyces phage Jay2Jay,2103.0,KM652554.1,133531.0,Duplodnaviria,,Heunggongvirae,,Uroviricota,,Caudoviricetes,,,,,Boydwoodruffvirinae,Samistivirus,,Samistivirus jay2jay,E,Streptomyces phage Jay2jay,,,KM652554,NC_029098,Complete genome,dsDNA,bacteria,1583.7579999999998
AT10B_S2_NODE_1_length_122269_cov_11.242561_188,AIW02563.1,88.7,133,15,0,1,133,1,133,3.88e-86,249.0,AT10B_S2_NODE_1_length_122269_cov_11,103329,AIW02563.1,hypothetical protein PBI_JAY2JAY_65,Streptomyces phage Jay2Jay,133.0,KM652554.1,133531.0,Duplodnaviria,,Heunggongvirae,,Uroviricota,,Caudoviricetes,,,,,Boydwoodruffvirinae,Samistivirus,,Samistivirus jay2jay,E,Streptomyces phage Jay2jay,,,KM652554,NC_029098,Complete genome,dsDNA,bacteria,117.971
AT10B_S2_NODE_1_length_122269_cov_11.242561_189,ASR75466.1,80.2,1064,208,2,1,1061,1,1064,0.0,1768.0,AT10B_S2_NODE_1_length_122269_cov_11,103329,ASR75466.1,minor tail protein,Streptomyces phage Mildred21,1065.0,MF155946.1,131976.0,Duplodnaviria,,Heunggongvirae,,Uroviricota,,Caudoviricetes,,,,,Boydwoodruffvirinae,Samistivirus,,Samistivirus mildred21,E,Streptomyces phage Mildred21,,,MF155946,NC_042008,Complete genome,dsDNA,bacteria,853.3280000000001
AT10B_S2_NODE_1_length_122269_cov_11.242561_19,ASR75499.1,76.5,204,47,1,1,203,1,204,2.23e-111,319.0,AT10B_S2_NODE_1_length_122269_cov_11,103329,ASR75499.1,thymidylate kinase,Streptomyces phage Mildred21,206.0,MF155946.1,131976.0,Duplodnaviria,,Heunggongvirae,,Uroviricota,,Caudoviricetes,,,,,Boydwoodruffvirinae,Samistivirus,,Samistivirus mildred21,E,Streptomyces phage Mildred21,,,MF155946,NC_042008,Complete genome,dsDNA,bacteria,156.06
AT10B_S2_NODE_1_length_122269_cov_11.242561_190,AIW02565.1,77.3,119,27,0,1,119,1,119,1.69e-58,178.0,AT10B_S2_NODE_1_length_122269_cov_11,103329,AIW02565.1,hypothetical protein PBI_JAY2JAY_67,Streptomyces phage Jay2Jay,120.0,KM652554.1,133531.0,Duplodnaviria,,Heunggongvirae,,Uroviricota,,Caudoviricetes,,,,,Boydwoodruffvirinae,Samistivirus,,Samistivirus jay2jay,E,Streptomyces phage Jay2jay,,,KM652554,NC_029098,Complete genome,dsDNA,bacteria,91.987
AT10B_S2_NODE_1_length_122269_cov_11.242561_191,QGH76372.1,84.9,265,39,1,1,264,1,265,3.9800000000000005e-157,439.0,AT10B_S2_NODE_1_length_122269_cov_11,103329,QGH76372.1,minor tail protein,Streptomyces phage Daubenski,265.0,MN444876.1,133090.0,Duplodnaviria,,Heunggongvirae,,Uroviricota,,Caudoviricetes,,,,,Boydwoodruffvirinae,Samistivirus,,Samistivirus daubenski,E,Streptomyces phage Daubenski,,,MN444876,NC_055822,Complete genome,dsDNA,bacteria,224.985
AT10B_S2_NODE_1_length_122269_cov_11.242561_192,AXH67259.1,70.0,793,232,5,1,788,1,792,0.0,1045.0,AT10B_S2_NODE_1_length_122269_cov_11,103329,AXH67259.1,minor tail protein,Streptomyces phage Wollford,2004.0,MH576968.1,133007.0,Duplodnaviria,,Heunggongvirae,,Uroviricota,,Caudoviricetes,,,,,Boydwoodruffvirinae,Karimacvirus,,Streptomyces virus Wollford,E,Streptomyces phage Wollford,,,MH576968,NC_048722,Complete genome,dsDNA,bacteria,555.1
AT10B_S2_NODE_1_length_122269_cov_11.242561_194,QGH76374.1,65.7,70,24,0,2,71,3,72,1.48e-26,94.4,AT10B_S2_NODE_1_length_122269_cov_11,103329,QGH76374.1,hypothetical protein SEA_DAUBENSKI_66,Streptomyces phage Daubenski,74.0,MN444876.1,133090.0,Duplodnaviria,,Heunggongvirae,,Uroviricota,,Caudoviricetes,,,,,Boydwoodruffvirinae,Samistivirus,,Samistivirus daubenski,E,Streptomyces phage Daubenski,,,MN444876,NC_055822,Complete genome,dsDNA,bacteria,45.99
AT10B_S2_NODE_1_length_122269_cov_11.242561_195,ASR77330.1,82.8,145,25,0,1,145,1,145,1.06e-87,254.0,AT10B_S2_NODE_1_length_122269_cov_11,103329,ASR77330.1,hypothetical protein SEA_NOOTNOOT_62,Streptomyces phage NootNoot,146.0,MF347636.1,131086.0,Duplodnaviria,,Heunggongvirae,,Uroviricota,,Caudoviricetes,,,,,Boydwoodruffvirinae,Samistivirus,,Samistivirus nootnoot,E,Streptomyces phage NootNoot,,,MF347636,NC_042009,Complete genome,dsDNA,bacteria,120.05999999999999
AT10B_S2_NODE_1_length_122269_cov_11.242561_196,AIW02570.1,84.4,122,19,0,1,122,1,122,5.31e-81,235.0,AT10B_S2_NODE_1_length_122269_cov_11,103329,AIW02570.1,hypothetical protein PBI_JAY2JAY_72,Streptomyces phage Jay2Jay,122.0,KM652554.1,133531.0,Duplodnaviria,,Heunggongvirae,,Uroviricota,,Caudoviricetes,,,,,Boydwoodruffvirinae,Samistivirus,,Samistivirus jay2jay,E,Streptomyces phage Jay2jay,,,KM652554,NC_029098,Complete genome,dsDNA,bacteria,102.968
AT10B_S2_NODE_1_length_122269_cov_11.242561_197,AXH69953.1,84.9,93,14,0,1,93,1,93,4.44e-62,185.0,AT10B_S2_NODE_1_length_122269_cov_11,103329,AXH69953.1,HNH endonuclease,Streptomyces phage Karimac,94.0,MH590599.1,131909.0,Duplodnaviria,,Heunggongvirae,,Uroviricota,,Caudoviricetes,,,,,Boydwoodruffvirinae,Karimacvirus,,Streptomyces virus Karimac,E,Streptomyces phage Karimac,,,MH590599,NC_048724,Complete genome,dsDNA,bacteria,78.95700000000001
AT10B_S2_NODE_1_length_122269_cov_11.242561_198,QJD50816.1,93.2,251,17,0,1,251,1,251,5.43e-187,514.0,AT10B_S2_NODE_1_length_122269_cov_11,103329,QJD50816.1,metallophosphoesterase,Streptomyces phage Bmoc,251.0,MT310865.1,132885.0,Duplodnaviria,,Heunggongvirae,,Uroviricota,,Caudoviricetes,,,,,Boydwoodruffvirinae,Samistivirus,,Samistivirus bmoc,E,Streptomyces phage Bmoc,,,MT310865,NC_055842,Complete genome,dsDNA,bacteria,233.932
AT10B_S2_NODE_1_length_122269_cov_11.242561_199,AYB70909.1,81.9,83,13,1,1,81,1,83,7.940000000000001e-35,115.0,AT10B_S2_NODE_1_length_122269_cov_11,103329,AYB70909.1,hypothetical protein SEA_YABOI_72,Streptomyces phage Yaboi,83.0,MH727564.1,131250.0,Duplodnaviria,,Heunggongvirae,,Uroviricota,,Caudoviricetes,,,,,Boydwoodruffvirinae,Karimacvirus,,Streptomyces virus Yaboi,E,Streptomyces phage Yaboi,,,MH727564,NC_048730,Complete genome,dsDNA,bacteria,67.977
AT10B_S2_NODE_1_length_122269_cov_11.242561_2,QBP30876.1,84.6,254,35,2,1,250,1,254,4.4699999999999996e-150,421.0,AT10B_S2_NODE_1_length_122269_cov_11,103329,QBP30876.1,DNA binding protein,Streptomyces phage EGole,254.0,MK494112.1,135653.0,Duplodnaviria,,Heunggongvirae,,Uroviricota,,Caudoviricetes,,,,,Boydwoodruffvirinae,Samistivirus,,Samistivirus egole,E,Streptomyces phage Egole,,,MK494112,NC_055791,Complete genome,dsDNA,bacteria,214.884
AT10B_S2_NODE_1_length_122269_cov_11.242561_20,ASR77798.1,90.2,102,10,0,3,104,5,106,1.3400000000000002e-66,197.0,AT10B_S2_NODE_1_length_122269_cov_11,103329,ASR77798.1,hypothetical protein SEA_PEEBS_93,Streptomyces phage Peebs,106.0,MF347638.1,133047.0,Duplodnaviria,,Heunggongvirae,,Uroviricota,,Caudoviricetes,,,,,Boydwoodruffvirinae,Samistivirus,,Samistivirus peebs,E,Streptomyces phage Peebs,,,MF347638,NC_042011,Complete genome,dsDNA,bacteria,92.004
AT10B_S2_NODE_1_length_122269_cov_11.242561_200,QGH76381.1,73.0,159,41,1,1,157,1,159,4.9600000000000004e-85,248.0,AT10B_S2_NODE_1_length_122269_cov_11,103329,QGH76381.1,hypothetical protein SEA_DAUBENSKI_73,Streptomyces phage Daubenski,159.0,MN444876.1,133090.0,Duplodnaviria,,Heunggongvirae,,Uroviricota,,Caudoviricetes,,,,,Boydwoodruffvirinae,Samistivirus,,Samistivirus daubenski,E,Streptomyces phage Daubenski,,,MN444876,NC_055822,Complete genome,dsDNA,bacteria,116.07000000000001
AT10B_S2_NODE_1_length_122269_cov_11.242561_201,QJD50820.1,69.9,93,27,1,1,93,1,92,4.65e-34,115.0,AT10B_S2_NODE_1_length_122269_cov_11,103329,QJD50820.1,hypothetical protein SEA_BMOC_71,Streptomyces phage Bmoc,99.0,MT310865.1,132885.0,Duplodnaviria,,Heunggongvirae,,Uroviricota,,Caudoviricetes,,,,,Boydwoodruffvirinae,Samistivirus,,Samistivirus bmoc,E,Streptomyces phage Bmoc,,,MT310865,NC_055842,Complete genome,dsDNA,bacteria,65.007
AT10B_S2_NODE_1_length_122269_cov_11.242561_202,ASR75479.1,68.3,63,20,0,2,64,3,65,6.909999999999999e-24,87.0,AT10B_S2_NODE_1_length_122269_cov_11,103329,ASR75479.1,hypothetical protein SEA_MILDRED21_72,Streptomyces phage Mildred21,65.0,MF155946.1,131976.0,Duplodnaviria,,Heunggongvirae,,Uroviricota,,Caudoviricetes,,,,,Boydwoodruffvirinae,Samistivirus,,Samistivirus mildred21,E,Streptomyces phage Mildred21,,,MF155946,NC_042008,Complete genome,dsDNA,bacteria,43.028999999999996
AT10B_S2_NODE_1_length_122269_cov_11.242561_203,AIW02578.1,80.2,116,23,0,4,119,6,121,5.23e-62,187.0,AT10B_S2_NODE_1_length_122269_cov_11,103329,AIW02578.1,hypothetical protein PBI_JAY2JAY_80,Streptomyces phage Jay2Jay,121.0,KM652554.1,133531.0,Duplodnaviria,,Heunggongvirae,,Uroviricota,,Caudoviricetes,,,,,Boydwoodruffvirinae,Samistivirus,,Samistivirus jay2jay,E,Streptomyces phage Jay2jay,,,KM652554,NC_029098,Complete genome,dsDNA,bacteria,93.032
AT10B_S2_NODE_1_length_122269_cov_11.242561_204,ASR77340.1,89.7,406,42,0,1,406,1,406,1.22e-277,756.0,AT10B_S2_NODE_1_length_122269_cov_11,103329,ASR77340.1,DNA helicase,Streptomyces phage NootNoot,406.0,MF347636.1,131086.0,Duplodnaviria,,Heunggongvirae,,Uroviricota,,Caudoviricetes,,,,,Boydwoodruffvirinae,Samistivirus,,Samistivirus nootnoot,E,Streptomyces phage NootNoot,,,MF347636,NC_042009,Complete genome,dsDNA,bacteria,364.18199999999996
AT10B_S2_NODE_1_length_122269_cov_11.242561_205,QGH76387.1,85.5,269,38,1,4,271,4,272,1.88e-173,484.0,AT10B_S2_NODE_1_length_122269_cov_11,103329,QGH76387.1,DNA primase,Streptomyces phage Daubenski,354.0,MN444876.1,133090.0,Duplodnaviria,,Heunggongvirae,,Uroviricota,,Caudoviricetes,,,,,Boydwoodruffvirinae,Samistivirus,,Samistivirus daubenski,E,Streptomyces phage Daubenski,,,MN444876,NC_055822,Complete genome,dsDNA,bacteria,229.995
AT10B_S2_NODE_1_length_122269_cov_11.242561_21,QGH76404.1,88.4,173,20,0,1,173,1,173,4.05e-108,308.0,AT10B_S2_NODE_1_length_122269_cov_11,103329,QGH76404.1,hypothetical protein SEA_DAUBENSKI_97,Streptomyces phage Daubenski,175.0,MN444876.1,133090.0,Duplodnaviria,,Heunggongvirae,,Uroviricota,,Caudoviricetes,,,,,Boydwoodruffvirinae,Samistivirus,,Samistivirus daubenski,E,Streptomyces phage Daubenski,,,MN444876,NC_055822,Complete genome,dsDNA,bacteria,152.93200000000002
AT10B_S2_NODE_1_length_122269_cov_11.242561_22,QJD50844.1,90.6,606,57,0,1,606,1,606,0.0,1135.0,AT10B_S2_NODE_1_length_122269_cov_11,103329,QJD50844.1,terminase,Streptomyces phage Bmoc,606.0,MT310865.1,132885.0,Duplodnaviria,,Heunggongvirae,,Uroviricota,,Caudoviricetes,,,,,Boydwoodruffvirinae,Samistivirus,,Samistivirus bmoc,E,Streptomyces phage Bmoc,,,MT310865,NC_055842,Complete genome,dsDNA,bacteria,549.036
AT10B_S2_NODE_1_length_122269_cov_11.242561_23,ASR75503.1,81.5,178,33,0,1,178,1,178,2.6500000000000003e-117,332.0,AT10B_S2_NODE_1_length_122269_cov_11,103329,ASR75503.1,HNH endonuclease,Streptomyces phage Mildred21,178.0,MF155946.1,131976.0,Duplodnaviria,,Heunggongvirae,,Uroviricota,,Caudoviricetes,,,,,Boydwoodruffvirinae,Samistivirus,,Samistivirus mildred21,E,Streptomyces phage Mildred21,,,MF155946,NC_042008,Complete genome,dsDNA,bacteria,145.07
AT10B_S2_NODE_1_length_122269_cov_11.242561_24,ASR77362.1,75.0,80,20,0,1,80,1,80,7.679999999999999e-40,128.0,AT10B_S2_NODE_1_length_122269_cov_11,103329,ASR77362.1,hypothetical protein SEA_NOOTNOOT_94,Streptomyces phage NootNoot,83.0,MF347636.1,131086.0,Duplodnaviria,,Heunggongvirae,,Uroviricota,,Caudoviricetes,,,,,Boydwoodruffvirinae,Samistivirus,,Samistivirus nootnoot,E,Streptomyces phage NootNoot,,,MF347636,NC_042009,Complete genome,dsDNA,bacteria,60.0
AT10B_S2_NODE_1_length_122269_cov_11.242561_25,AIW02600.1,77.0,200,46,0,1,200,1,200,5.51e-107,307.0,AT10B_S2_NODE_1_length_122269_cov_11,103329,AIW02600.1,hypothetical protein PBI_JAY2JAY_102,Streptomyces phage Jay2Jay,200.0,KM652554.1,133531.0,Duplodnaviria,,Heunggongvirae,,Uroviricota,,Caudoviricetes,,,,,Boydwoodruffvirinae,Samistivirus,,Samistivirus jay2jay,E,Streptomyces phage Jay2jay,,,KM652554,NC_029098,Complete genome,dsDNA,bacteria,154.0
AT10B_S2_NODE_1_length_122269_cov_11.242561_26,QGH76410.1,74.3,171,43,1,21,190,3,173,1.0700000000000001e-86,254.0,AT10B_S2_NODE_1_length_122269_cov_11,103329,QGH76410.1,nucleotidyltransferase,Streptomyces phage Daubenski,173.0,MN444876.1,133090.0,Duplodnaviria,,Heunggongvirae,,Uroviricota,,Caudoviricetes,,,,,Boydwoodruffvirinae,Samistivirus,,Samistivirus daubenski,E,Streptomyces phage Daubenski,,,MN444876,NC_055822,Complete genome,dsDNA,bacteria,127.053
AT10B_S2_NODE_1_length_122269_cov_11.242561_27,QDK02959.1,86.3,605,80,1,1,602,1,605,0.0,1047.0,AT10B_S2_NODE_1_length_122269_cov_11,103329,QDK02959.1,FtsK-like DNA translocase,Streptomyces phage Braelyn,605.0,MN096371.1,131234.0,Duplodnaviria,,Heunggongvirae,,Uroviricota,,Caudoviricetes,,,,,Boydwoodruffvirinae,Samistivirus,,Samistivirus braelyn,E,Streptomyces phage Braelyn,,,MN096371,NC_055813,Complete genome,dsDNA,bacteria,522.115
AT10B_S2_NODE_1_length_122269_cov_11.242561_28,ASR77806.1,87.7,73,9,0,1,73,1,73,3.49e-41,131.0,AT10B_S2_NODE_1_length_122269_cov_11,103329,ASR77806.1,hypothetical protein SEA_PEEBS_106,Streptomyces phage Peebs,74.0,MF347638.1,133047.0,Duplodnaviria,,Heunggongvirae,,Uroviricota,,Caudoviricetes,,,,,Boydwoodruffvirinae,Samistivirus,,Samistivirus peebs,E,Streptomyces phage Peebs,,,MF347638,NC_042011,Complete genome,dsDNA,bacteria,64.021
AT10B_S2_NODE_1_length_122269_cov_11.242561_29,ASR75511.1,66.0,53,18,0,1,53,1,53,3.52e-19,74.3,AT10B_S2_NODE_1_length_122269_cov_11,103329,ASR75511.1,hypothetical protein SEA_MILDRED21_110,Streptomyces phage Mildred21,53.0,MF155946.1,131976.0,Duplodnaviria,,Heunggongvirae,,Uroviricota,,Caudoviricetes,,,,,Boydwoodruffvirinae,Samistivirus,,Samistivirus mildred21,E,Streptomyces phage Mildred21,,,MF155946,NC_042008,Complete genome,dsDNA,bacteria,34.980000000000004
AT10B_S2_NODE_1_length_122269_cov_11.242561_3,AST15311.1,88.2,1094,129,0,1,1094,1,1094,0.0,1964.0,AT10B_S2_NODE_1_length_122269_cov_11,103329,AST15311.1,DnaE-like DNA polymerase III alpha,Streptomyces phage Samisti12,1094.0,MF347639.1,133710.0,Duplodnaviria,,Heunggongvirae,,Uroviricota,,Caudoviricetes,,,,,Boydwoodruffvirinae,Samistivirus,,Samistivirus samisti12,E,Streptomyces phage Samisti12,,,MF347639,NC_042012,Complete genome,dsDNA,bacteria,964.908
AT10B_S2_NODE_1_length_122269_cov_11.242561_30,ASR75512.1,70.0,60,18,0,1,60,1,60,1.1100000000000001e-29,101.0,AT10B_S2_NODE_1_length_122269_cov_11,103329,ASR75512.1,hypothetical protein SEA_MILDRED21_111,Streptomyces phage Mildred21,60.0,MF155946.1,131976.0,Duplodnaviria,,Heunggongvirae,,Uroviricota,,Caudoviricetes,,,,,Boydwoodruffvirinae,Samistivirus,,Samistivirus mildred21,E,Streptomyces phage Mildred21,,,MF155946,NC_042008,Complete genome,dsDNA,bacteria,42.0
AT10B_S2_NODE_1_length_122269_cov_11.242561_31,ASR75513.1,57.6,59,25,0,1,59,1,59,8.990000000000001e-22,81.3,AT10B_S2_NODE_1_length_122269_cov_11,103329,ASR75513.1,hypothetical protein SEA_MILDRED21_112,Streptomyces phage Mildred21,59.0,MF155946.1,131976.0,Duplodnaviria,,Heunggongvirae,,Uroviricota,,Caudoviricetes,,,,,Boydwoodruffvirinae,Samistivirus,,Samistivirus mildred21,E,Streptomyces phage Mildred21,,,MF155946,NC_042008,Complete genome,dsDNA,bacteria,33.984
AT10B_S2_NODE_1_length_122269_cov_11.242561_32,QJD50854.1,49.2,63,31,1,6,68,2,63,3.17e-15,65.5,AT10B_S2_NODE_1_length_122269_cov_11,103329,QJD50854.1,hypothetical protein SEA_BMOC_112,Streptomyces phage Bmoc,67.0,MT310865.1,132885.0,Duplodnaviria,,Heunggongvirae,,Uroviricota,,Caudoviricetes,,,,,Boydwoodruffvirinae,Samistivirus,,Samistivirus bmoc,E,Streptomyces phage Bmoc,,,MT310865,NC_055842,Complete genome,dsDNA,bacteria,30.996000000000002
AT10B_S2_NODE_1_length_122269_cov_11.242561_33,AXH69979.1,78.9,71,15,0,29,99,1,71,1.96e-38,125.0,AT10B_S2_NODE_1_length_122269_cov_11,103329,AXH69979.1,hypothetical protein SEA_KARIMAC_118,Streptomyces phage Karimac,74.0,MH590599.1,131909.0,Duplodnaviria,,Heunggongvirae,,Uroviricota,,Caudoviricetes,,,,,Boydwoodruffvirinae,Karimacvirus,,Streptomyces virus Karimac,E,Streptomyces phage Karimac,,,MH590599,NC_048724,Complete genome,dsDNA,bacteria,56.019
AT10B_S2_NODE_1_length_122269_cov_11.242561_35,AXH69636.1,68.1,47,14,1,1,46,1,47,9.44e-19,73.2,AT10B_S2_NODE_1_length_122269_cov_11,103329,AXH69636.1,hypothetical protein SEA_LUKECAGE_118,Streptomyces phage LukeCage,50.0,MH590597.1,133195.0,Duplodnaviria,,Heunggongvirae,,Uroviricota,,Caudoviricetes,,,,,Boydwoodruffvirinae,Karimacvirus,,Streptomyces virus LukeCage,E,Streptomyces phage LukeCage,,,MH590597,NC_048723,Complete genome,dsDNA,bacteria,32.007
AT10B_S2_NODE_1_length_122269_cov_11.242561_37,QJD50858.1,87.7,130,16,0,1,130,1,130,1.1699999999999999e-81,238.0,AT10B_S2_NODE_1_length_122269_cov_11,103329,QJD50858.1,membrane protein,Streptomyces phage Bmoc,130.0,MT310865.1,132885.0,Duplodnaviria,,Heunggongvirae,,Uroviricota,,Caudoviricetes,,,,,Boydwoodruffvirinae,Samistivirus,,Samistivirus bmoc,E,Streptomyces phage Bmoc,,,MT310865,NC_055842,Complete genome,dsDNA,bacteria,114.01
AT10B_S2_NODE_1_length_122269_cov_11.242561_38,AYN59130.1,28.6,182,90,6,2,151,1,174,2.78e-13,66.2,AT10B_S2_NODE_1_length_122269_cov_11,103329,AYN59130.1,endonuclease VII,Arthrobacter phage Yang,175.0,MH834629.1,43206.0,Duplodnaviria,,Heunggongvirae,,Uroviricota,,Caudoviricetes,,,,,,Yangvirus,,Yangvirus yang,E,Arthrobacter virus Yang,,,MH834629,NC_048097,Complete genome,dsDNA,bacteria,52.05200000000001
AT10B_S2_NODE_1_length_122269_cov_11.242561_39,QGH76418.1,85.2,88,13,0,1,88,1,88,3.73e-53,162.0,AT10B_S2_NODE_1_length_122269_cov_11,103329,QGH76418.1,hypothetical protein SEA_DAUBENSKI_120,Streptomyces phage Daubenski,95.0,MN444876.1,133090.0,Duplodnaviria,,Heunggongvirae,,Uroviricota,,Caudoviricetes,,,,,Boydwoodruffvirinae,Samistivirus,,Samistivirus daubenski,E,Streptomyces phage Daubenski,,,MN444876,NC_055822,Complete genome,dsDNA,bacteria,74.976
AT10B_S2_NODE_1_length_122269_cov_11.242561_4,AXH69608.1,65.6,64,22,0,1,64,1,64,6.909999999999999e-24,87.0,AT10B_S2_NODE_1_length_122269_cov_11,103329,AXH69608.1,hypothetical protein SEA_LUKECAGE_82,Streptomyces phage LukeCage,65.0,MH590597.1,133195.0,Duplodnaviria,,Heunggongvirae,,Uroviricota,,Caudoviricetes,,,,,Boydwoodruffvirinae,Karimacvirus,,Streptomyces virus LukeCage,E,Streptomyces phage LukeCage,,,MH590597,NC_048723,Complete genome,dsDNA,bacteria,41.983999999999995
AT10B_S2_NODE_1_length_122269_cov_11.242561_40,AXH70102.1,54.6,97,44,0,56,152,20,116,5.24e-32,113.0,AT10B_S2_NODE_1_length_122269_cov_11,103329,AXH70102.1,hypothetical protein SEA_KARIMAC_252,Streptomyces phage Karimac,124.0,MH590599.1,131909.0,Duplodnaviria,,Heunggongvirae,,Uroviricota,,Caudoviricetes,,,,,Boydwoodruffvirinae,Karimacvirus,,Streptomyces virus Karimac,E,Streptomyces phage Karimac,,,MH590599,NC_048724,Complete genome,dsDNA,bacteria,52.962
AT10B_S2_NODE_1_length_122269_cov_11.242561_42,AXH66870.1,63.7,91,33,0,3,93,21,111,2.26e-38,126.0,AT10B_S2_NODE_1_length_122269_cov_11,103329,AXH66870.1,hypothetical protein SEA_STARPLATINUM_132,Streptomyces phage StarPlatinum,111.0,MH576965.1,133886.0,Duplodnaviria,,Heunggongvirae,,Uroviricota,,Caudoviricetes,,,,,Boydwoodruffvirinae,Karimacvirus,,Streptomyces virus StarPlatinum,E,Streptomyces phage StarPlatinum,,,MH576965,NC_048721,Complete genome,dsDNA,bacteria,57.967000000000006
AT10B_S2_NODE_1_length_122269_cov_11.242561_43,QDH93982.1,51.9,135,65,0,8,142,1,135,2.92e-41,136.0,AT10B_S2_NODE_1_length_122269_cov_11,103329,QDH93982.1,hypothetical protein SEA_EVY_122,Streptomyces phage Evy,140.0,MK977711.1,132977.0,Duplodnaviria,,Heunggongvirae,,Uroviricota,,Caudoviricetes,,,,,Boydwoodruffvirinae,Samistivirus,,Samistivirus evy,E,Streptomyces phage Evy,,,MK977711,NC_055809,Complete genome,dsDNA,bacteria,70.065
AT10B_S2_NODE_1_length_122269_cov_11.242561_44,QBP30908.1,77.6,550,118,3,1,545,1,550,1.25e-307,844.0,AT10B_S2_NODE_1_length_122269_cov_11,103329,QBP30908.1,Ro-like RNA binding protein,Streptomyces phage EGole,550.0,MK494112.1,135653.0,Duplodnaviria,,Heunggongvirae,,Uroviricota,,Caudoviricetes,,,,,Boydwoodruffvirinae,Samistivirus,,Samistivirus egole,E,Streptomyces phage Egole,,,MK494112,NC_055791,Complete genome,dsDNA,bacteria,426.79999999999995
AT10B_S2_NODE_1_length_122269_cov_11.242561_45,QBP30910.1,69.1,68,21,0,1,68,1,68,3.19e-28,98.2,AT10B_S2_NODE_1_length_122269_cov_11,103329,QBP30910.1,hypothetical protein SEA_EGOLE_131,Streptomyces phage EGole,68.0,MK494112.1,135653.0,Duplodnaviria,,Heunggongvirae,,Uroviricota,,Caudoviricetes,,,,,Boydwoodruffvirinae,Samistivirus,,Samistivirus egole,E,Streptomyces phage Egole,,,MK494112,NC_055791,Complete genome,dsDNA,bacteria,46.988
AT10B_S2_NODE_1_length_122269_cov_11.242561_46,QGH76426.1,78.0,59,13,0,1,59,1,59,6.66e-27,94.4,AT10B_S2_NODE_1_length_122269_cov_11,103329,QGH76426.1,hypothetical protein SEA_DAUBENSKI_130,Streptomyces phage Daubenski,61.0,MN444876.1,133090.0,Duplodnaviria,,Heunggongvirae,,Uroviricota,,Caudoviricetes,,,,,Boydwoodruffvirinae,Samistivirus,,Samistivirus daubenski,E,Streptomyces phage Daubenski,,,MN444876,NC_055822,Complete genome,dsDNA,bacteria,46.019999999999996
AT10B_S2_NODE_1_length_122269_cov_11.242561_47,SOK58713.1,25.7,175,99,7,8,167,2,160,1.45e-11,62.8,AT10B_S2_NODE_1_length_122269_cov_11,103329,SOK58713.1,hypothetical protein,Yersinia phage fHe-Yen9-04,210.0,LT960551.1,354378.0,Duplodnaviria,,Heunggongvirae,,Uroviricota,,Caudoviricetes,,,,,,Eneladusvirus,,Eneladusvirus Yen904,E,Yersinia phage fHe-Yen9-04,,,LT960551,NC_042116,Complete genome,dsDNA,bacteria,44.975
AT10B_S2_NODE_1_length_122269_cov_11.242561_48,QGH76431.1,63.2,76,27,1,1,76,1,75,8.090000000000001e-27,95.5,AT10B_S2_NODE_1_length_122269_cov_11,103329,QGH76431.1,hypothetical protein SEA_DAUBENSKI_141,Streptomyces phage Daubenski,83.0,MN444876.1,133090.0,Duplodnaviria,,Heunggongvirae,,Uroviricota,,Caudoviricetes,,,,,Boydwoodruffvirinae,Samistivirus,,Samistivirus daubenski,E,Streptomyces phage Daubenski,,,MN444876,NC_055822,Complete genome,dsDNA,bacteria,48.032000000000004
AT10B_S2_NODE_1_length_122269_cov_11.242561_49,AXH67310.1,72.9,48,13,0,1,48,1,48,2.62e-19,74.7,AT10B_S2_NODE_1_length_122269_cov_11,103329,AXH67310.1,hypothetical protein SEA_WOFFORD_147,Streptomyces phage Wollford,50.0,MH576968.1,133007.0,Duplodnaviria,,Heunggongvirae,,Uroviricota,,Caudoviricetes,,,,,Boydwoodruffvirinae,Karimacvirus,,Streptomyces virus Wollford,E,Streptomyces phage Wollford,,,MH576968,NC_048722,Complete genome,dsDNA,bacteria,34.992000000000004
AT10B_S2_NODE_1_length_122269_cov_11.242561_5,AXH67269.1,91.4,116,10,0,1,116,1,116,1.33e-69,206.0,AT10B_S2_NODE_1_length_122269_cov_11,103329,AXH67269.1,MazG-like nucleotide pyrophosphohydrolase,Streptomyces phage Wollford,116.0,MH576968.1,133007.0,Duplodnaviria,,Heunggongvirae,,Uroviricota,,Caudoviricetes,,,,,Boydwoodruffvirinae,Karimacvirus,,Streptomyces virus Wollford,E,Streptomyces phage Wollford,,,MH576968,NC_048722,Complete genome,dsDNA,bacteria,106.024
AT10B_S2_NODE_1_length_122269_cov_11.242561_50,ASR77390.1,65.6,61,21,0,1,61,1,61,3.8200000000000003e-29,100.0,AT10B_S2_NODE_1_length_122269_cov_11,103329,ASR77390.1,hypothetical protein SEA_NOOTNOOT_140,Streptomyces phage NootNoot,62.0,MF347636.1,131086.0,Duplodnaviria,,Heunggongvirae,,Uroviricota,,Caudoviricetes,,,,,Boydwoodruffvirinae,Samistivirus,,Samistivirus nootnoot,E,Streptomyces phage NootNoot,,,MF347636,NC_042009,Complete genome,dsDNA,bacteria,40.016
AT10B_S2_NODE_1_length_122269_cov_11.242561_51,QBP30919.1,85.8,183,24,1,1,181,1,183,1.34e-112,320.0,AT10B_S2_NODE_1_length_122269_cov_11,103329,QBP30919.1,peptidase,Streptomyces phage EGole,183.0,MK494112.1,135653.0,Duplodnaviria,,Heunggongvirae,,Uroviricota,,Caudoviricetes,,,,,Boydwoodruffvirinae,Samistivirus,,Samistivirus egole,E,Streptomyces phage Egole,,,MK494112,NC_055791,Complete genome,dsDNA,bacteria,157.014
AT10B_S2_NODE_1_length_122269_cov_11.242561_52,QBP31022.1,53.8,65,25,3,9,68,1,65,6.37e-12,57.0,AT10B_S2_NODE_1_length_122269_cov_11,103329,QBP31022.1,hypothetical protein SEA_EGOLE_150,Streptomyces phage EGole,66.0,MK494112.1,135653.0,Duplodnaviria,,Heunggongvirae,,Uroviricota,,Caudoviricetes,,,,,Boydwoodruffvirinae,Samistivirus,,Samistivirus egole,E,Streptomyces phage Egole,,,MK494112,NC_055791,Complete genome,dsDNA,bacteria,34.97
AT10B_S2_NODE_1_length_122269_cov_11.242561_54,QAY03515.1,34.9,129,64,4,6,134,7,115,1.39e-16,73.2,AT10B_S2_NODE_1_length_122269_cov_11,103329,QAY03515.1,hypothetical protein SEA_CICHOLASNAGE_103,Mycobacterium phage CicholasNage,122.0,MK310144.1,71059.0,Duplodnaviria,,Heunggongvirae,,Uroviricota,,Caudoviricetes,,,,Vilmaviridae,Lclasvirinae,Bronvirus,,Bronvirus cicholasnage,E,Mycobacterium phage CicholasNage,,,MK310144,NC_055786,Complete genome,dsDNA,bacteria,45.021
AT10B_S2_NODE_1_length_122269_cov_11.242561_55,ASR77834.1,77.8,54,12,0,1,54,1,54,3.6e-24,87.0,AT10B_S2_NODE_1_length_122269_cov_11,103329,ASR77834.1,hypothetical protein SEA_PEEBS_151,Streptomyces phage Peebs,54.0,MF347638.1,133047.0,Duplodnaviria,,Heunggongvirae,,Uroviricota,,Caudoviricetes,,,,,Boydwoodruffvirinae,Samistivirus,,Samistivirus peebs,E,Streptomyces phage Peebs,,,MF347638,NC_042011,Complete genome,dsDNA,bacteria,42.012
AT10B_S2_NODE_1_length_122269_cov_11.242561_56,ASR77397.1,45.9,133,66,2,1,127,1,133,1.42e-26,98.6,AT10B_S2_NODE_1_length_122269_cov_11,103329,ASR77397.1,hypothetical protein SEA_NOOTNOOT_151,Streptomyces phage NootNoot,133.0,MF347636.1,131086.0,Duplodnaviria,,Heunggongvirae,,Uroviricota,,Caudoviricetes,,,,,Boydwoodruffvirinae,Samistivirus,,Samistivirus nootnoot,E,Streptomyces phage NootNoot,,,MF347636,NC_042009,Complete genome,dsDNA,bacteria,61.047000000000004
AT10B_S2_NODE_1_length_122269_cov_11.242561_58,QJD50887.1,58.8,51,21,0,1,51,1,51,8.51e-19,73.2,AT10B_S2_NODE_1_length_122269_cov_11,103329,QJD50887.1,hypothetical protein SEA_BMOC_160,Streptomyces phage Bmoc,51.0,MT310865.1,132885.0,Duplodnaviria,,Heunggongvirae,,Uroviricota,,Caudoviricetes,,,,,Boydwoodruffvirinae,Samistivirus,,Samistivirus bmoc,E,Streptomyces phage Bmoc,,,MT310865,NC_055842,Complete genome,dsDNA,bacteria,29.988
AT10B_S2_NODE_1_length_122269_cov_11.242561_6,QJD50830.1,86.7,339,40,1,1,339,1,334,2e-209,578.0,AT10B_S2_NODE_1_length_122269_cov_11,103329,QJD50830.1,RecA-like DNA recombinase,Streptomyces phage Bmoc,334.0,MT310865.1,132885.0,Duplodnaviria,,Heunggongvirae,,Uroviricota,,Caudoviricetes,,,,,Boydwoodruffvirinae,Samistivirus,,Samistivirus bmoc,E,Streptomyces phage Bmoc,,,MT310865,NC_055842,Complete genome,dsDNA,bacteria,293.913
AT10B_S2_NODE_1_length_122269_cov_11.242561_60,QJD50888.1,57.1,49,21,0,2,50,4,52,5.26e-13,58.5,AT10B_S2_NODE_1_length_122269_cov_11,103329,QJD50888.1,hypothetical protein SEA_BMOC_164,Streptomyces phage Bmoc,52.0,MT310865.1,132885.0,Duplodnaviria,,Heunggongvirae,,Uroviricota,,Caudoviricetes,,,,,Boydwoodruffvirinae,Samistivirus,,Samistivirus bmoc,E,Streptomyces phage Bmoc,,,MT310865,NC_055842,Complete genome,dsDNA,bacteria,27.979
AT10B_S2_NODE_1_length_122269_cov_11.242561_62,QGH76440.1,81.1,270,50,1,1,270,1,269,3.21e-154,432.0,AT10B_S2_NODE_1_length_122269_cov_11,103329,QGH76440.1,hypothetical protein SEA_DAUBENSKI_159,Streptomyces phage Daubenski,269.0,MN444876.1,133090.0,Duplodnaviria,,Heunggongvirae,,Uroviricota,,Caudoviricetes,,,,,Boydwoodruffvirinae,Samistivirus,,Samistivirus daubenski,E,Streptomyces phage Daubenski,,,MN444876,NC_055822,Complete genome,dsDNA,bacteria,218.97
AT10B_S2_NODE_1_length_122269_cov_11.242561_64,QGH76441.1,70.5,44,11,1,1,44,1,42,3.63e-15,63.5,AT10B_S2_NODE_1_length_122269_cov_11,103329,QGH76441.1,hypothetical protein SEA_DAUBENSKI_162,Streptomyces phage Daubenski,43.0,MN444876.1,133090.0,Duplodnaviria,,Heunggongvirae,,Uroviricota,,Caudoviricetes,,,,,Boydwoodruffvirinae,Samistivirus,,Samistivirus daubenski,E,Streptomyces phage Daubenski,,,MN444876,NC_055822,Complete genome,dsDNA,bacteria,31.02
AT10B_S2_NODE_1_length_122269_cov_11.242561_65,QJD50893.1,83.3,60,10,0,1,60,1,60,2.3300000000000002e-31,105.0,AT10B_S2_NODE_1_length_122269_cov_11,103329,QJD50893.1,hypothetical protein SEA_BMOC_172,Streptomyces phage Bmoc,60.0,MT310865.1,132885.0,Duplodnaviria,,Heunggongvirae,,Uroviricota,,Caudoviricetes,,,,,Boydwoodruffvirinae,Samistivirus,,Samistivirus bmoc,E,Streptomyces phage Bmoc,,,MT310865,NC_055842,Complete genome,dsDNA,bacteria,49.98
AT10B_S2_NODE_1_length_122269_cov_11.242561_66,ASR77840.1,74.7,79,18,1,44,120,1,79,1.82e-36,121.0,AT10B_S2_NODE_1_length_122269_cov_11,103329,ASR77840.1,hypothetical protein SEA_PEEBS_165,Streptomyces phage Peebs,80.0,MF347638.1,133047.0,Duplodnaviria,,Heunggongvirae,,Uroviricota,,Caudoviricetes,,,,,Boydwoodruffvirinae,Samistivirus,,Samistivirus peebs,E,Streptomyces phage Peebs,,,MF347638,NC_042011,Complete genome,dsDNA,bacteria,59.013000000000005
AT10B_S2_NODE_1_length_122269_cov_11.242561_67,ASR77842.1,77.2,79,18,0,21,99,1,79,9.98e-42,134.0,AT10B_S2_NODE_1_length_122269_cov_11,103329,ASR77842.1,hypothetical protein SEA_PEEBS_171,Streptomyces phage Peebs,79.0,MF347638.1,133047.0,Duplodnaviria,,Heunggongvirae,,Uroviricota,,Caudoviricetes,,,,,Boydwoodruffvirinae,Samistivirus,,Samistivirus peebs,E,Streptomyces phage Peebs,,,MF347638,NC_042011,Complete genome,dsDNA,bacteria,60.98800000000001
AT10B_S2_NODE_1_length_122269_cov_11.242561_68,ASR77844.1,77.9,77,16,1,1,76,1,77,9.799999999999999e-38,122.0,AT10B_S2_NODE_1_length_122269_cov_11,103329,ASR77844.1,hypothetical protein SEA_PEEBS_177,Streptomyces phage Peebs,77.0,MF347638.1,133047.0,Duplodnaviria,,Heunggongvirae,,Uroviricota,,Caudoviricetes,,,,,Boydwoodruffvirinae,Samistivirus,,Samistivirus peebs,E,Streptomyces phage Peebs,,,MF347638,NC_042011,Complete genome,dsDNA,bacteria,59.983000000000004
AT10B_S2_NODE_1_length_122269_cov_11.242561_69,QJD50899.1,55.8,181,75,1,1,176,1,181,7.57e-68,207.0,AT10B_S2_NODE_1_length_122269_cov_11,103329,QJD50899.1,DnaQ-like DNA polymerase III subunit,Streptomyces phage Bmoc,185.0,MT310865.1,132885.0,Duplodnaviria,,Heunggongvirae,,Uroviricota,,Caudoviricetes,,,,,Boydwoodruffvirinae,Samistivirus,,Samistivirus bmoc,E,Streptomyces phage Bmoc,,,MT310865,NC_055842,Complete genome,dsDNA,bacteria,100.998
AT10B_S2_NODE_1_length_122269_cov_11.242561_7,QGH76394.1,74.2,66,17,0,1,66,1,66,1.48e-32,108.0,AT10B_S2_NODE_1_length_122269_cov_11,103329,QGH76394.1,hypothetical protein SEA_DAUBENSKI_86,Streptomyces phage Daubenski,66.0,MN444876.1,133090.0,Duplodnaviria,,Heunggongvirae,,Uroviricota,,Caudoviricetes,,,,,Boydwoodruffvirinae,Samistivirus,,Samistivirus daubenski,E,Streptomyces phage Daubenski,,,MN444876,NC_055822,Complete genome,dsDNA,bacteria,48.972
AT10B_S2_NODE_1_length_122269_cov_11.242561_71,QGH76452.1,78.0,100,21,1,1,100,33,131,9.749999999999999e-55,168.0,AT10B_S2_NODE_1_length_122269_cov_11,103329,QGH76452.1,acetyltransferase,Streptomyces phage Daubenski,131.0,MN444876.1,133090.0,Duplodnaviria,,Heunggongvirae,,Uroviricota,,Caudoviricetes,,,,,Boydwoodruffvirinae,Samistivirus,,Samistivirus daubenski,E,Streptomyces phage Daubenski,,,MN444876,NC_055822,Complete genome,dsDNA,bacteria,78.0
AT10B_S2_NODE_1_length_122269_cov_11.242561_73,QDH94021.1,83.0,94,15,1,1,93,1,94,5.85e-58,175.0,AT10B_S2_NODE_1_length_122269_cov_11,103329,QDH94021.1,hypothetical protein SEA_EVY_184,Streptomyces phage Evy,94.0,MK977711.1,132977.0,Duplodnaviria,,Heunggongvirae,,Uroviricota,,Caudoviricetes,,,,,Boydwoodruffvirinae,Samistivirus,,Samistivirus evy,E,Streptomyces phage Evy,,,MK977711,NC_055809,Complete genome,dsDNA,bacteria,78.02
AT10B_S2_NODE_1_length_122269_cov_11.242561_74,AIW02656.1,83.3,84,14,0,1,84,1,84,1.06e-50,156.0,AT10B_S2_NODE_1_length_122269_cov_11,103329,AIW02656.1,hypothetical protein PBI_JAY2JAY_198,Streptomyces phage Jay2Jay,87.0,KM652554.1,133531.0,Duplodnaviria,,Heunggongvirae,,Uroviricota,,Caudoviricetes,,,,,Boydwoodruffvirinae,Samistivirus,,Samistivirus jay2jay,E,Streptomyces phage Jay2jay,,,KM652554,NC_029098,Complete genome,dsDNA,bacteria,69.972
AT10B_S2_NODE_1_length_122269_cov_11.242561_75,AXH66918.1,49.2,63,31,1,1,62,1,63,8.47e-18,72.0,AT10B_S2_NODE_1_length_122269_cov_11,103329,AXH66918.1,hypothetical protein SEA_STARPLATINUM_209,Streptomyces phage StarPlatinum,70.0,MH576965.1,133886.0,Duplodnaviria,,Heunggongvirae,,Uroviricota,,Caudoviricetes,,,,,Boydwoodruffvirinae,Karimacvirus,,Streptomyces virus StarPlatinum,E,Streptomyces phage StarPlatinum,,,MH576965,NC_048721,Complete genome,dsDNA,bacteria,30.996000000000002
AT10B_S2_NODE_1_length_122269_cov_11.242561_76,QBP30942.1,75.5,363,79,1,1,353,1,363,5.64e-201,558.0,AT10B_S2_NODE_1_length_122269_cov_11,103329,QBP30942.1,RNA ligase,Streptomyces phage EGole,366.0,MK494112.1,135653.0,Duplodnaviria,,Heunggongvirae,,Uroviricota,,Caudoviricetes,,,,,Boydwoodruffvirinae,Samistivirus,,Samistivirus egole,E,Streptomyces phage Egole,,,MK494112,NC_055791,Complete genome,dsDNA,bacteria,274.065
AT10B_S2_NODE_1_length_122269_cov_11.242561_77,QJD50912.1,71.1,45,13,0,1,45,1,45,2.27e-16,66.6,AT10B_S2_NODE_1_length_122269_cov_11,103329,QJD50912.1,membrane protein,Streptomyces phage Bmoc,45.0,MT310865.1,132885.0,Duplodnaviria,,Heunggongvirae,,Uroviricota,,Caudoviricetes,,,,,Boydwoodruffvirinae,Samistivirus,,Samistivirus bmoc,E,Streptomyces phage Bmoc,,,MT310865,NC_055842,Complete genome,dsDNA,bacteria,31.994999999999997
AT10B_S2_NODE_1_length_122269_cov_11.242561_79,QDH94027.1,76.6,299,70,0,1,299,1,299,2.39e-166,466.0,AT10B_S2_NODE_1_length_122269_cov_11,103329,QDH94027.1,polynucleotide kinase,Streptomyces phage Evy,299.0,MK977711.1,132977.0,Duplodnaviria,,Heunggongvirae,,Uroviricota,,Caudoviricetes,,,,,Boydwoodruffvirinae,Samistivirus,,Samistivirus evy,E,Streptomyces phage Evy,,,MK977711,NC_055809,Complete genome,dsDNA,bacteria,229.034
AT10B_S2_NODE_1_length_122269_cov_11.242561_8,QGH76395.1,85.6,104,15,0,1,104,1,104,1.36e-61,185.0,AT10B_S2_NODE_1_length_122269_cov_11,103329,QGH76395.1,Holliday junction resolvase,Streptomyces phage Daubenski,104.0,MN444876.1,133090.0,Duplodnaviria,,Heunggongvirae,,Uroviricota,,Caudoviricetes,,,,,Boydwoodruffvirinae,Samistivirus,,Samistivirus daubenski,E,Streptomyces phage Daubenski,,,MN444876,NC_055822,Complete genome,dsDNA,bacteria,89.024
AT10B_S2_NODE_1_length_122269_cov_11.242561_80,AXG66232.1,59.6,89,36,0,1,89,1,89,5.23e-38,124.0,AT10B_S2_NODE_1_length_122269_cov_11,103329,AXG66232.1,hypothetical protein SEA_ANNADREAMY_137,Streptomyces phage Annadreamy,92.0,MH536811.1,125726.0,Duplodnaviria,,Heunggongvirae,,Uroviricota,,Caudoviricetes,,,,,,Annadreamyvirus,,Annadreamyvirus annadreamy,E,Streptomyces phage Annadreamy,,,MH536811,NC_048719,Complete genome,dsDNA,bacteria,53.044000000000004
AT10B_S2_NODE_1_length_122269_cov_11.242561_81,AXH69698.1,44.3,61,34,0,3,63,2,62,1.37e-13,60.8,AT10B_S2_NODE_1_length_122269_cov_11,103329,AXH69698.1,hypothetical protein SEA_LUKECAGE_211,Streptomyces phage LukeCage,62.0,MH590597.1,133195.0,Duplodnaviria,,Heunggongvirae,,Uroviricota,,Caudoviricetes,,,,,Boydwoodruffvirinae,Karimacvirus,,Streptomyces virus LukeCage,E,Streptomyces phage LukeCage,,,MH590597,NC_048723,Complete genome,dsDNA,bacteria,27.022999999999996
AT10B_S2_NODE_1_length_122269_cov_11.242561_82,AYB71010.1,45.7,127,40,4,1,99,1,126,1.19e-15,69.3,AT10B_S2_NODE_1_length_122269_cov_11,103329,AYB71010.1,hypothetical protein SEA_YABOI_213,Streptomyces phage Yaboi,126.0,MH727564.1,131250.0,Duplodnaviria,,Heunggongvirae,,Uroviricota,,Caudoviricetes,,,,,Boydwoodruffvirinae,Karimacvirus,,Streptomyces virus Yaboi,E,Streptomyces phage Yaboi,,,MH727564,NC_048730,Complete genome,dsDNA,bacteria,58.039
AT10B_S2_NODE_1_length_122269_cov_11.242561_83,AXH67361.1,69.6,46,14,0,12,57,1,46,7.04e-20,76.6,AT10B_S2_NODE_1_length_122269_cov_11,103329,AXH67361.1,hypothetical protein SEA_WOFFORD_224,Streptomyces phage Wollford,46.0,MH576968.1,133007.0,Duplodnaviria,,Heunggongvirae,,Uroviricota,,Caudoviricetes,,,,,Boydwoodruffvirinae,Karimacvirus,,Streptomyces virus Wollford,E,Streptomyces phage Wollford,,,MH576968,NC_048722,Complete genome,dsDNA,bacteria,32.016
AT10B_S2_NODE_1_length_122269_cov_11.242561_84,QJD50923.1,79.7,64,12,1,1,63,13,76,3.34e-29,100.0,AT10B_S2_NODE_1_length_122269_cov_11,103329,QJD50923.1,hypothetical protein SEA_BMOC_214,Streptomyces phage Bmoc,77.0,MT310865.1,132885.0,Duplodnaviria,,Heunggongvirae,,Uroviricota,,Caudoviricetes,,,,,Boydwoodruffvirinae,Samistivirus,,Samistivirus bmoc,E,Streptomyces phage Bmoc,,,MT310865,NC_055842,Complete genome,dsDNA,bacteria,51.008
AT10B_S2_NODE_1_length_122269_cov_11.242561_85,QJD50924.1,72.1,129,34,1,1,127,1,129,3.71e-68,203.0,AT10B_S2_NODE_1_length_122269_cov_11,103329,QJD50924.1,hypothetical protein SEA_BMOC_215,Streptomyces phage Bmoc,129.0,MT310865.1,132885.0,Duplodnaviria,,Heunggongvirae,,Uroviricota,,Caudoviricetes,,,,,Boydwoodruffvirinae,Samistivirus,,Samistivirus bmoc,E,Streptomyces phage Bmoc,,,MT310865,NC_055842,Complete genome,dsDNA,bacteria,93.009
AT10B_S2_NODE_1_length_122269_cov_11.242561_87,AXH69715.1,83.8,74,12,0,1,74,1,74,1.6799999999999997e-42,134.0,AT10B_S2_NODE_1_length_122269_cov_11,103329,AXH69715.1,hypothetical protein SEA_LUKECAGE_231,Streptomyces phage LukeCage,77.0,MH590597.1,133195.0,Duplodnaviria,,Heunggongvirae,,Uroviricota,,Caudoviricetes,,,,,Boydwoodruffvirinae,Karimacvirus,,Streptomyces virus LukeCage,E,Streptomyces phage LukeCage,,,MH590597,NC_048723,Complete genome,dsDNA,bacteria,62.012
AT10B_S2_NODE_1_length_122269_cov_11.242561_88,ASR77433.1,62.9,97,36,0,1,97,1,97,3.34e-38,125.0,AT10B_S2_NODE_1_length_122269_cov_11,103329,ASR77433.1,hypothetical protein SEA_NOOTNOOT_210,Streptomyces phage NootNoot,103.0,MF347636.1,131086.0,Duplodnaviria,,Heunggongvirae,,Uroviricota,,Caudoviricetes,,,,,Boydwoodruffvirinae,Samistivirus,,Samistivirus nootnoot,E,Streptomyces phage NootNoot,,,MF347636,NC_042009,Complete genome,dsDNA,bacteria,61.013
AT10B_S2_NODE_1_length_122269_cov_11.242561_9,AIW02588.1,70.2,47,11,1,1,47,1,44,1.53e-14,62.8,AT10B_S2_NODE_1_length_122269_cov_11,103329,AIW02588.1,hypothetical protein PBI_JAY2JAY_90,Streptomyces phage Jay2Jay,64.0,KM652554.1,133531.0,Duplodnaviria,,Heunggongvirae,,Uroviricota,,Caudoviricetes,,,,,Boydwoodruffvirinae,Samistivirus,,Samistivirus jay2jay,E,Streptomyces phage Jay2jay,,,KM652554,NC_029098,Complete genome,dsDNA,bacteria,32.994
AT10B_S2_NODE_1_length_122269_cov_11.242561_90,ASR75582.1,81.5,124,23,0,7,130,1,124,2.35e-71,212.0,AT10B_S2_NODE_1_length_122269_cov_11,103329,ASR75582.1,hypothetical protein SEA_MILDRED21_224,Streptomyces phage Mildred21,130.0,MF155946.1,131976.0,Duplodnaviria,,Heunggongvirae,,Uroviricota,,Caudoviricetes,,,,,Boydwoodruffvirinae,Samistivirus,,Samistivirus mildred21,E,Streptomyces phage Mildred21,,,MF155946,NC_042008,Complete genome,dsDNA,bacteria,101.06
AT10B_S2_NODE_1_length_122269_cov_11.242561_91,AIW02675.1,54.9,71,30,2,1,70,10,79,1.8100000000000002e-21,81.6,AT10B_S2_NODE_1_length_122269_cov_11,103329,AIW02675.1,hypothetical protein PBI_JAY2JAY_221,Streptomyces phage Jay2Jay,79.0,KM652554.1,133531.0,Duplodnaviria,,Heunggongvirae,,Uroviricota,,Caudoviricetes,,,,,Boydwoodruffvirinae,Samistivirus,,Samistivirus jay2jay,E,Streptomyces phage Jay2jay,,,KM652554,NC_029098,Complete genome,dsDNA,bacteria,38.979
AT10B_S2_NODE_1_length_122269_cov_11.242561_92,QGH76478.1,80.6,103,20,0,1,103,21,123,7.05e-57,174.0,AT10B_S2_NODE_1_length_122269_cov_11,103329,QGH76478.1,deoxycytidylate deaminase,Streptomyces phage Daubenski,124.0,MN444876.1,133090.0,Duplodnaviria,,Heunggongvirae,,Uroviricota,,Caudoviricetes,,,,,Boydwoodruffvirinae,Samistivirus,,Samistivirus daubenski,E,Streptomyces phage Daubenski,,,MN444876,NC_055822,Complete genome,dsDNA,bacteria,83.018
AT10B_S2_NODE_1_length_122269_cov_11.242561_93,AXG66243.1,74.3,226,56,1,1,226,2,225,4.81e-125,355.0,AT10B_S2_NODE_1_length_122269_cov_11,103329,AXG66243.1,hypothetical protein SEA_ANNADREAMY_151,Streptomyces phage Annadreamy,225.0,MH536811.1,125726.0,Duplodnaviria,,Heunggongvirae,,Uroviricota,,Caudoviricetes,,,,,,Annadreamyvirus,,Annadreamyvirus annadreamy,E,Streptomyces phage Annadreamy,,,MH536811,NC_048719,Complete genome,dsDNA,bacteria,167.91799999999998
AT10B_S2_NODE_1_length_122269_cov_11.242561_94,AXH49276.1,60.1,158,60,2,1,156,1,157,2.19e-65,199.0,AT10B_S2_NODE_1_length_122269_cov_11,103329,AXH49276.1,hypothetical protein SEA_BLUEEYEDBEAUTY_160,Streptomyces phage Blueeyedbeauty,158.0,MH536814.1,130473.0,Duplodnaviria,,Heunggongvirae,,Uroviricota,,Caudoviricetes,,,,,,Annadreamyvirus,,Annadreamyvirus blueeyedbeauty,E,Streptomyces phage Blueeyedbeauty,,,MH536814,NC_048720,Complete genome,dsDNA,bacteria,94.95800000000001
AT10B_S2_NODE_1_length_122269_cov_11.242561_97,ASR77875.1,67.4,635,204,1,1,632,1,635,3.98e-316,873.0,AT10B_S2_NODE_1_length_122269_cov_11,103329,ASR77875.1,hypothetical protein SEA_PEEBS_215,Streptomyces phage Peebs,636.0,MF347638.1,133047.0,Duplodnaviria,,Heunggongvirae,,Uroviricota,,Caudoviricetes,,,,,Boydwoodruffvirinae,Samistivirus,,Samistivirus peebs,E,Streptomyces phage Peebs,,,MF347638,NC_042011,Complete genome,dsDNA,bacteria,427.99
AT10B_S2_NODE_1_length_122269_cov_11.242561_98,QGH76480.1,72.8,334,76,3,1,328,1,325,4.43e-171,480.0,AT10B_S2_NODE_1_length_122269_cov_11,103329,QGH76480.1,rIIB-like protein,Streptomyces phage Daubenski,325.0,MN444876.1,133090.0,Duplodnaviria,,Heunggongvirae,,Uroviricota,,Caudoviricetes,,,,,Boydwoodruffvirinae,Samistivirus,,Samistivirus daubenski,E,Streptomyces phage Daubenski,,,MN444876,NC_055822,Complete genome,dsDNA,bacteria,243.152
AT10B_S2_NODE_1_length_122269_cov_11.242561_99,AIW02679.1,88.2,254,28,1,3,256,2,253,6.059999999999999e-180,496.0,AT10B_S2_NODE_1_length_122269_cov_11,103329,AIW02679.1,phosphoesterase,Streptomyces phage Jay2Jay,255.0,KM652554.1,133531.0,Duplodnaviria,,Heunggongvirae,,Uroviricota,,Caudoviricetes,,,,,Boydwoodruffvirinae,Samistivirus,,Samistivirus jay2jay,E,Streptomyces phage Jay2jay,,,KM652554,NC_029098,Complete genome,dsDNA,bacteria,224.02800000000002
AT60_S4_NODE_1_length_56564_cov_17.679537_2,ATN95001.1,52.6,156,65,4,74,224,4,155,1.77e-46,157.0,AT60_S4_NODE_1_length_56564_cov_17,50919,ATN95001.1,hypothetical protein,Leptospira phage LE3,263.0,MF974396.1,48288.0,Duplodnaviria,,Heunggongvirae,,Uroviricota,,Caudoviricetes,,,,,,Nylescharonvirus,,Nylescharonvirus LE3,E,Leptospira phage LE3,,,MF974396,NC_048678,Complete genome,dsDNA,bacteria,82.05600000000001
AT60_S4_NODE_1_length_56564_cov_17.679537_27,ADX42597.1,39.8,88,46,2,254,338,196,279,9.79e-08,56.2,AT60_S4_NODE_1_length_56564_cov_17,50919,ADX42597.1,main tail protein,Gordonia phage GTE2,281.0,HQ403646.1,45530.0,Duplodnaviria,,Heunggongvirae,,Uroviricota,,Caudoviricetes,,,,,,Emalynvirus,,Emalynvirus GTE2,E,Gordonia phage GTE2,,,HQ403646,NC_015720,Complete genome,dsDNA,bacteria,35.024
AT60_S4_NODE_1_length_56564_cov_17.679537_48,AXH71808.1,45.5,189,61,2,33,221,29,175,8.93e-43,156.0,AT60_S4_NODE_1_length_56564_cov_17,50919,AXH71808.1,hypothetical protein HOT76_gp31,Eggerthella phage PMBT5,286.0,MH626557.1,30930.0,Duplodnaviria,,Heunggongvirae,,Uroviricota,,Caudoviricetes,,,,,,Lentavirus,,Lentavirus PMBT5,E,Eggerthella phage PMBT5,,,MH626557,NC_048022,Complete genome,dsDNA,bacteria,85.99499999999999
AT60_S4_NODE_1_length_56564_cov_17.679537_59,AIW03217.1,42.4,92,45,3,17,107,18,102,3.69e-14,68.9,AT60_S4_NODE_1_length_56564_cov_17,50919,AIW03217.1,HNH homing endonuclease,Bacillus phage Mater,227.0,KM236245.1,164302.0,Duplodnaviria,,Heunggongvirae,,Uroviricota,,Caudoviricetes,,,,Herelleviridae,Bastillevirinae,Matervirus,,Matervirus mater,E,Bacillus phage Mater,,,KM236245,NC_027366,Complete genome,dsDNA,bacteria,39.008
AT60_S4_NODE_1_length_56564_cov_17.679537_60,AYQ98972.1,49.0,210,85,4,26,227,1,196,3.7800000000000003e-63,197.0,AT60_S4_NODE_1_length_56564_cov_17,50919,AYQ98972.1,DNA methyltransferase,Arthrobacter phage Anjali,197.0,MK016490.1,19679.0,Duplodnaviria,,Heunggongvirae,,Uroviricota,,Caudoviricetes,,,,,,Anjalivirus,,Anjalivirus anjali,E,Arthobacter phage Anjali,,,MK016490,NC_048739,Complete genome,dsDNA,bacteria,102.9
BC2_S2_NODE_1_length_59166_cov_57.999746_10,AEJ92788.1,33.6,544,298,17,23,552,55,549,1.89e-64,224.0,BC2_S2_NODE_1_length_59166_cov_57,54198,AEJ92788.1,terminase,Mycobacterium phage OSmaximus,595.0,JN006064.1,69118.0,Duplodnaviria,,Heunggongvirae,,Uroviricota,,Caudoviricetes,,,,,Bclasvirinae,Pegunavirus,,Pegunavirus osmaximus,E,Mycobacterium phage OSmaximus,,,JN006064,NC_028803,Complete genome,dsDNA,bacteria,182.78400000000002
BC2_S2_NODE_1_length_59166_cov_57.999746_12,QAY16203.1,60.5,162,63,1,11,171,42,203,1.66e-62,195.0,BC2_S2_NODE_1_length_59166_cov_57,54198,QAY16203.1,GTP cyclohydrolase I,Arthrobacter phage Sonali,222.0,MK411746.1,61073.0,Duplodnaviria,,Heunggongvirae,,Uroviricota,,Caudoviricetes,,,,,,Sonalivirus,,Sonalivirus sonali,E,Arthrobacter phage Sonali,,,MK411746,NC_048152,Complete genome,dsDNA,bacteria,98.01
BC2_S2_NODE_1_length_59166_cov_57.999746_13,QAY16202.1,53.2,231,107,1,2,231,20,250,6.75e-83,249.0,BC2_S2_NODE_1_length_59166_cov_57,54198,QAY16202.1,QueE-like queosine biosynthesis protein,Arthrobacter phage Sonali,251.0,MK411746.1,61073.0,Duplodnaviria,,Heunggongvirae,,Uroviricota,,Caudoviricetes,,,,,,Sonalivirus,,Sonalivirus sonali,E,Arthrobacter phage Sonali,,,MK411746,NC_048152,Complete genome,dsDNA,bacteria,122.89200000000001
BC2_S2_NODE_1_length_59166_cov_57.999746_14,QGJ93541.1,54.9,122,55,0,6,127,4,125,9.62e-43,139.0,BC2_S2_NODE_1_length_59166_cov_57,54198,QGJ93541.1,QueD-like queosine biosynthesis protein,Arthrobacter phage Mufasa8,132.0,MN586027.1,60205.0,Duplodnaviria,,Heunggongvirae,,Uroviricota,,Caudoviricetes,,,,,,Mufasoctovirus,,Mufasoctovirus mufasa8,E,Arthrobacter phage Mufasa8,,,MN586027,NC_049478,Complete genome,dsDNA,bacteria,66.978
BC2_S2_NODE_1_length_59166_cov_57.999746_15,ASD50405.1,39.5,114,64,1,5,113,4,117,8.57e-20,80.5,BC2_S2_NODE_1_length_59166_cov_57,54198,ASD50405.1,hypothetical protein,Acidovorax phage ACP17,127.0,KY979132.2,156281.0,Duplodnaviria,,Heunggongvirae,,Uroviricota,,Caudoviricetes,,,,,,Busanvirus,,Busanvirus ACP17,E,Acidovorax phage ACP17,,,KY979132,NC_041997,Complete genome,dsDNA,bacteria,45.029999999999994
BC2_S2_NODE_1_length_59166_cov_57.999746_18,ALY09546.1,39.8,103,57,2,16,115,14,114,1.89e-16,72.0,BC2_S2_NODE_1_length_59166_cov_57,54198,ALY09546.1,hypothetical protein LAROYE_19,Arthrobacter phage Laroye,122.0,KU160654.1,60005.0,Duplodnaviria,,Heunggongvirae,,Uroviricota,,Caudoviricetes,,,,,,Laroyevirus,,Laroyevirus laroye,E,Arthrobacter phage Laroye,,,KU160654,NC_041947,Complete genome,dsDNA,bacteria,40.994
BC2_S2_NODE_1_length_59166_cov_57.999746_2,AXQ61017.1,45.9,303,138,9,34,334,16,294,8.9e-74,232.0,BC2_S2_NODE_1_length_59166_cov_57,54198,AXQ61017.1,PAPS reductase-like domain protein,Mycobacterium phage Girr,304.0,MH669003.1,57754.0,Duplodnaviria,,Heunggongvirae,,Uroviricota,,Caudoviricetes,,,,,Gracegardnervirinae,Cheoctovirus,,Cheoctovirus girr,E,Mycobacterium phage Girr,,,MH669003,NC_051663,Complete genome,dsDNA,bacteria,139.077
BC2_S2_NODE_1_length_59166_cov_57.999746_22,QKO02974.1,45.5,429,216,9,6,421,19,442,5.3e-108,328.0,BC2_S2_NODE_1_length_59166_cov_57,54198,QKO02974.1,DnaB-like dsDNA helicase,Gordonia phage TZGordon,445.0,MT553344.1,44904.0,Duplodnaviria,,Heunggongvirae,,Uroviricota,,Caudoviricetes,,,,,Ruthgordonvirinae,Vendettavirus,,Vendettavirus tzgordon,E,Gordonia phage TZGordon,,,MT553344,NC_054438,Complete genome,dsDNA,bacteria,195.195
BC2_S2_NODE_1_length_59166_cov_57.999746_25,AGG54546.1,45.3,64,33,2,104,165,66,129,4.03e-07,49.3,BC2_S2_NODE_1_length_59166_cov_57,54198,AGG54546.1,hypothetical protein CYYG_00045,Cyanophage SS120-1,129.0,HQ316584.1,46997.0,Duplodnaviria,,Heunggongvirae,,Uroviricota,,Caudoviricetes,,,,Autographiviridae,,Banchanvirus,,Banchanvirus SS1201,E,Cyanophage SS120-1,,,HQ316584,NC_020872,Complete genome,dsDNA,bacteria,28.991999999999997
BC2_S2_NODE_1_length_59166_cov_57.999746_34,AWN03227.1,47.7,176,80,3,1,176,1,164,1.4099999999999998e-45,149.0,BC2_S2_NODE_1_length_59166_cov_57,54198,AWN03227.1,ssDNA-binding protein,Microbacterium phage Appa,164.0,MH153799.1,38684.0,Duplodnaviria,,Heunggongvirae,,Uroviricota,,Caudoviricetes,,,,,,Appavirus,,Appavirus appa,E,Microbacterium phage Appa,,,MH153799,NC_047972,Complete genome,dsDNA,bacteria,83.95200000000001
BC2_S2_NODE_1_length_59166_cov_57.999746_41,AXQ60645.1,34.1,252,159,5,243,489,296,545,5.53e-25,115.0,BC2_S2_NODE_1_length_59166_cov_57,54198,AXQ60645.1,tape measure protein,Gordonia phage Ali17,1629.0,MH669000.1,58301.0,Duplodnaviria,,Heunggongvirae,,Uroviricota,,Caudoviricetes,,,,,,Leonardvirus,,Leonardvirus ali17,E,Gordonia phage Ali17,,,MH669000,NC_053245,Complete genome,dsDNA,bacteria,85.932
BC2_S2_NODE_1_length_59166_cov_57.999746_45,AHB31703.1,38.2,123,61,6,19,130,7,125,4.14e-09,53.9,BC2_S2_NODE_1_length_59166_cov_57,54198,AHB31703.1,tail assembly chaperone,Mycobacterium phage Bernardo,137.0,KF493879.1,68196.0,Duplodnaviria,,Heunggongvirae,,Uroviricota,,Caudoviricetes,,,,,Bclasvirinae,Pipefishvirus,,Pipefishvirus bernardo,E,Mycobacterium phage Bernardo,,,KF493879,NC_022983,Complete genome,dsDNA,bacteria,46.986000000000004
BC2_S2_NODE_1_length_59166_cov_57.999746_48,AKA61755.1,31.8,255,137,13,26,250,32,279,4.46e-14,72.8,BC2_S2_NODE_1_length_59166_cov_57,54198,AKA61755.1,head-to-tail adaptor,Streptomyces phage TP1604,286.0,KP876466.1,57168.0,Duplodnaviria,,Heunggongvirae,,Uroviricota,,Caudoviricetes,,,,,,Woodruffvirus,,Woodruffvirus TP1604,E,Streptomyces phage TP1604,,,KP876466,NC_028818,Complete genome,dsDNA,bacteria,81.08999999999999
BC2_S2_NODE_1_length_59166_cov_57.999746_49,QBZ72697.1,37.5,208,121,4,5,209,4,205,1.03e-42,145.0,BC2_S2_NODE_1_length_59166_cov_57,54198,QBZ72697.1,major tail protein,Gordonia phage GodonK,217.0,MK620899.1,122563.0,Duplodnaviria,,Heunggongvirae,,Uroviricota,,Caudoviricetes,,,,,,Godonkavirus,,Godonkavirus godonK,E,Gordonia phage GodonK,,,MK620899,NC_048176,Complete genome,dsDNA,bacteria,78.0
BC2_S2_NODE_1_length_59166_cov_57.999746_50,ANA85222.1,34.0,159,75,3,150,308,148,276,1.91e-13,72.8,BC2_S2_NODE_1_length_59166_cov_57,54198,ANA85222.1,major tail protein,Gordonia phage BritBrat,281.0,KU998233.1,55524.0,Duplodnaviria,,Heunggongvirae,,Uroviricota,,Caudoviricetes,,,,,,Britbratvirus,,Britbratvirus britbrat,E,Gordonia phage BritBrat,,,KU998233,NC_030942,Complete genome,dsDNA,bacteria,54.06
BC2_S2_NODE_1_length_59166_cov_57.999746_51,QBZ72695.1,37.1,399,225,8,160,554,193,569,3.47e-62,217.0,BC2_S2_NODE_1_length_59166_cov_57,54198,QBZ72695.1,major capsid hexamer protein,Gordonia phage GodonK,569.0,MK620899.1,122563.0,Duplodnaviria,,Heunggongvirae,,Uroviricota,,Caudoviricetes,,,,,,Godonkavirus,,Godonkavirus godonK,E,Gordonia phage GodonK,,,MK620899,NC_048176,Complete genome,dsDNA,bacteria,148.02900000000002
BC2_S2_NODE_1_length_59166_cov_57.999746_56,AAL22192.1,36.1,119,72,4,26,143,166,281,1.17e-07,52.0,BC2_S2_NODE_1_length_59166_cov_57,54198,AAL22192.1,putative P-loop-containing kinase,Salmonella enterica subsp. enterica serovar Typhimurium str. LT2,284.0,AE006468.2,4857450.0,,,,,,,,,,,,,,,,,,,,,,,,,42.959
BC2_S2_NODE_1_length_59166_cov_57.999746_61,AKU45212.1,29.7,418,230,14,218,613,396,771,6.019999999999999e-23,107.0,BC2_S2_NODE_1_length_59166_cov_57,54198,AKU45212.1,MuF-like minor capsid protein,Mycobacterium phage Godines,815.0,KR997932.1,67277.0,Duplodnaviria,,Heunggongvirae,,Uroviricota,,Caudoviricetes,,,,,Bclasvirinae,Rosebushvirus,,Rosebushvirus godines,E,Mycobacterium phage Godines,,,KR997932,NC_042050,Complete genome,dsDNA,bacteria,124.14599999999999
BC2_S2_NODE_1_length_59166_cov_57.999746_62,QDH85214.1,44.2,95,37,5,1,82,3,94,6.99e-11,58.2,BC2_S2_NODE_1_length_59166_cov_57,54198,QDH85214.1,hypothetical protein SEA_NUBI_81,Gordonia phage Nubi,143.0,MN010760.1,58718.0,Duplodnaviria,,Heunggongvirae,,Uroviricota,,Caudoviricetes,,,,,,Wizardvirus,,Wizardvirus nubi,E,Gordonia phage Nubi,,,MN010760,NC_055810,Complete genome,dsDNA,bacteria,41.99
BC2_S2_NODE_1_length_59166_cov_57.999746_63,AKF14272.1,26.1,660,396,24,6,613,10,629,4.37e-33,139.0,BC2_S2_NODE_1_length_59166_cov_57,54198,AKF14272.1,portal protein,Mycobacterium phage Vincenzo,632.0,KR080194.1,72139.0,Duplodnaviria,,Heunggongvirae,,Uroviricota,,Caudoviricetes,,,,,Bclasvirinae,Coopervirus,,Coopervirus vincenzo,E,Mycobacterium phage Vincenzo,,,KR080194,NC_028934,Complete genome,dsDNA,bacteria,172.26
BC2_S2_NODE_1_length_59166_cov_57.999746_64,AGT12745.1,32.6,129,52,5,9,106,6,130,1.02e-06,46.6,BC2_S2_NODE_1_length_59166_cov_57,54198,AGT12745.1,hypothetical protein REPROBATE_9,Mycobacterium phage Reprobate,133.0,KF024727.1,70120.0,Duplodnaviria,,Heunggongvirae,,Uroviricota,,Caudoviricetes,,,,,Bclasvirinae,Acadianvirus,,Acadianvirus reprobate,E,Mycobacterium phage Reprobate,,,KF024727,NC_022064,Complete genome,dsDNA,bacteria,42.054
BC2_S2_NODE_1_length_59166_cov_57.999746_74,AFM54963.1,31.4,118,69,4,56,164,3,117,6.88e-09,53.9,BC2_S2_NODE_1_length_59166_cov_57,54198,AFM54963.1,hypothetical protein ASTRO_74,Mycobacterium phage Astro,123.0,JX015524.1,52494.0,Duplodnaviria,,Heunggongvirae,,Uroviricota,,Caudoviricetes,,,,,,Fromanvirus,,Fromanvirus astro,E,Mycobacterium phage Astro,,,JX015524,NC_042337,Complete genome,dsDNA,bacteria,37.052
BC2_S2_NODE_1_length_59166_cov_57.999746_8,AWY05341.1,47.9,71,20,3,125,192,64,120,1.4e-07,51.2,BC2_S2_NODE_1_length_59166_cov_57,54198,AWY05341.1,hypothetical protein SEA_MEMENTOMORI_87,Microbacterium phage MementoMori,123.0,MH271303.1,55572.0,Duplodnaviria,,Heunggongvirae,,Uroviricota,,Caudoviricetes,,,,,,Mementomorivirus,,Mementomorivirus mementomori,E,Microbacterium phage MementoMori,,,MH271303,NC_047987,Complete genome,dsDNA,bacteria,34.009
BC2_S2_NODE_1_length_59166_cov_57.999746_81,AWN07816.1,36.1,313,186,9,9,317,12,314,2.7699999999999996e-48,167.0,BC2_S2_NODE_1_length_59166_cov_57,54198,AWN07816.1,hypothetical protein PBI_HENDRIX_145,Microbacterium phage Hendrix,333.0,MH183162.1,97757.0,Duplodnaviria,,Heunggongvirae,,Uroviricota,,Caudoviricetes,,,,,,Rogerhendrixvirus,,Rogerhendrixvirus hendrix,E,Microbacterium phage Hendrix,,,MH183162,NC_047977,Complete genome,dsDNA,bacteria,112.993
BC2_S2_NODE_1_length_59166_cov_57.999746_83,QIG58266.1,55.2,96,36,2,4,94,11,104,4.4600000000000006e-27,97.8,BC2_S2_NODE_1_length_59166_cov_57,54198,QIG58266.1,WhiB family transcription factor,Gordonia phage Skog,106.0,MN908687.1,152435.0,Duplodnaviria,,Heunggongvirae,,Uroviricota,,Caudoviricetes,,,,,,Skogvirus,,Skogvirus Skog,E,Gordonia phage Skog,,,MN908687,NC_054725,Complete genome,dsDNA,bacteria,52.992
BC2_S2_NODE_1_length_59166_cov_57.999746_90,AAN12845.1,23.5,264,178,8,190,446,22,268,7.41e-09,61.2,BC2_S2_NODE_1_length_59166_cov_57,54198,AAN12845.1,hypothetical protein PBI_OMEGA_203,Mycobacterium phage Omega,442.0,AY129338.1,110865.0,Duplodnaviria,,Heunggongvirae,,Uroviricota,,Caudoviricetes,,,,,,Omegavirus,,Omegavirus omega,E,Mycobacterium phage Omega,,,AY129338,NC_004688,Complete genome,dsDNA,bacteria,62.040000000000006
CD3_S11_NODE_1_length_40506_cov_6.378985_11,AAK94380.1,39.3,590,331,10,14,579,17,603,7.199999999999999e-128,396.0,AT6CD3_S11_NODE_1_length_40506_cov_6,39036,AAK94380.1,virion structural protein,Myxococcus phage Mx8,663.0,AF396866.1,49534.0,Duplodnaviria,,Heunggongvirae,,Uroviricota,,Caudoviricetes,,,,,,Myxoctovirus,,Myxoctovirus Mx8,E,Myxococcus phage Mx8,,,AF396866,NC_003085,Complete genome,dsDNA,bacteria,231.87
CD3_S11_NODE_1_length_40506_cov_6.378985_12,AAK82303.1,38.9,108,64,2,25,131,2324,2430,1.23e-10,60.5,AT6CD3_S11_NODE_1_length_40506_cov_6,39036,AAK82303.1,443R,Invertebrate iridescent virus 6,2432.0,AF303741.1,212482.0,Varidnaviria,,Bamfordvirae,,Nucleocytoviricota,,Megaviricetes,,Pimascovirales,,Iridoviridae,Betairidovirinae,Iridovirus,,Invertebrate iridescent virus 6,E,invertebrate iridescent virus 6; Chilo iridescent virus,IIV6; CIV,,AF303741,NC_003038,Complete genome,dsDNA,invertebrates,42.012
CD3_S11_NODE_1_length_40506_cov_6.378985_14,ARB06805.1,49.6,246,109,6,1,232,1,245,5.9e-69,228.0,AT6CD3_S11_NODE_1_length_40506_cov_6,39036,ARB06805.1,putative terminase large subunit,Acinetobacter phage WCHABP12,433.0,KY670595.1,45415.0,Duplodnaviria,,Heunggongvirae,,Uroviricota,,Caudoviricetes,,,,,,Obolenskvirus,,Obolenskvirus WCHABP12,E,Acinetobacter phage WCHABP12,,,KY670595,NC_041924,Complete genome,dsDNA,bacteria,122.016
CD3_S11_NODE_1_length_40506_cov_6.378985_2,QMV33186.1,40.8,142,76,4,4,139,5,144,1.89e-26,99.4,AT6CD3_S11_NODE_1_length_40506_cov_6,39036,QMV33186.1,hypothetical protein 23F_00024,Ralstonia phage Gerry,145.0,MT740739.1,60898.0,Duplodnaviria,,Heunggongvirae,,Uroviricota,,Caudoviricetes,,,,,,Cimandefvirus,,Cimandefvirus Ggerry,E,Ralstonia phage Gerry,Gerry,,MT740739,NC_054959,Complete genome,dsDNA,bacteria,57.93599999999999
CD3_S11_NODE_1_length_40506_cov_6.378985_29,AUV56399.1,37.5,80,42,2,4,82,179,251,8.03e-12,63.2,AT6CD3_S11_NODE_1_length_40506_cov_6,39036,AUV56399.1,hypothetical protein,Faecalibacterium phage FP_Lagaffe,288.0,MG711461.1,48211.0,Duplodnaviria,,Heunggongvirae,,Uroviricota,,Caudoviricetes,,,,,,Lagaffevirus,,Lagaffevirus lagaffe,E,Faecalibacterium phage FP_Lagaffe,,,MG711461,NC_047911,Complete genome,dsDNA,bacteria,30.0
CD3_S11_NODE_1_length_40506_cov_6.378985_32,QMV33173.1,35.1,154,93,3,69,215,1,154,1.05e-14,71.6,AT6CD3_S11_NODE_1_length_40506_cov_6,39036,QMV33173.1,hypothetical protein 23F_00011,Ralstonia phage Gerry,155.0,MT740739.1,60898.0,Duplodnaviria,,Heunggongvirae,,Uroviricota,,Caudoviricetes,,,,,,Cimandefvirus,,Cimandefvirus Ggerry,E,Ralstonia phage Gerry,Gerry,,MT740739,NC_054959,Complete genome,dsDNA,bacteria,54.054
CD3_S11_NODE_1_length_40506_cov_6.378985_44,ADP00200.1,52.2,207,75,5,1,207,1,183,8.17e-61,190.0,AT6CD3_S11_NODE_1_length_40506_cov_6,39036,ADP00200.1,gp12,Cyanophage NATL2A-133,189.0,GU071104.1,47536.0,Duplodnaviria,,Heunggongvirae,,Uroviricota,,Caudoviricetes,,,,Autographiviridae,,Tangaroavirus,,Tangaroavirus NATL2A133,E,Cyanophage NATL2A-133,,,GU071104,NC_016659,Complete genome,dsDNA,bacteria,108.054
CD3_S11_NODE_1_length_40506_cov_6.378985_45,AJP61480.1,46.3,54,26,2,35,87,97,148,5.74e-09,52.8,AT6CD3_S11_NODE_1_length_40506_cov_6,39036,AJP61480.1,hypothetical protein,Enterococcus phage EFDG1,158.0,KP339049.1,147589.0,Duplodnaviria,,Heunggongvirae,,Uroviricota,,Caudoviricetes,,,,Herelleviridae,Brockvirinae,Schiekvirus,,Schiekvirus EFDG1,E,Enterococcus phage EFDG1,,,KP339049,NC_029009,Complete genome,dsDNA,bacteria,25.002
CD3_S11_NODE_1_length_40506_cov_6.378985_5,AAK94385.1,38.6,158,90,3,6,157,39,195,1.77e-22,92.0,AT6CD3_S11_NODE_1_length_40506_cov_6,39036,AAK94385.1,p50,Myxococcus phage Mx8,209.0,AF396866.1,49534.0,Duplodnaviria,,Heunggongvirae,,Uroviricota,,Caudoviricetes,,,,,,Myxoctovirus,,Myxoctovirus Mx8,E,Myxococcus phage Mx8,,,AF396866,NC_003085,Complete genome,dsDNA,bacteria,60.98800000000001
CD3_S11_NODE_1_length_40506_cov_6.378985_52,AMD43452.1,40.3,77,36,1,5,71,1,77,4.28e-09,50.4,AT6CD3_S11_NODE_1_length_40506_cov_6,39036,AMD43452.1,hypothetical protein ZC03_075,Pseudomonas phage ZC03,84.0,KU356690.1,69844.0,Duplodnaviria,,Heunggongvirae,,Uroviricota,,Caudoviricetes,,,,Schitoviridae,,Zicotriavirus,,Zicotriavirus ZC03,E,Pseudomonas phage ZC03,,,KU356690,NC_048638,Complete genome,dsDNA,bacteria,31.031
CD3_S11_NODE_1_length_40506_cov_6.378985_54,AXG67745.1,44.9,147,74,4,12,157,11,151,3.7199999999999995e-30,109.0,AT6CD3_S11_NODE_1_length_40506_cov_6,39036,AXG67745.1,Fis family transcriptional regulator,Ralstonia phage GP4,158.0,MH638294.1,61129.0,Duplodnaviria,,Heunggongvirae,,Uroviricota,,Caudoviricetes,,,,,,Gervaisevirus,,Gervaisevirus GP4,E,Ralstonia phage GP4,,,MH638294,NC_054964,Complete genome,dsDNA,bacteria,66.003
CD3_S11_NODE_1_length_40506_cov_6.378985_56,QMP19221.1,46.8,111,57,2,16,125,23,132,6.3e-25,95.5,AT6CD3_S11_NODE_1_length_40506_cov_6,39036,QMP19221.1,hypothetical protein,Pseudomonas phage Persinger,144.0,MT613935.1,44033.0,Duplodnaviria,,Heunggongvirae,,Uroviricota,,Caudoviricetes,,,,,,Harrisonburgvirus,,Harrisonburgvirus persinger,E,Pseudomonas phage Persinger,,,MT613935,NC_054149,Complete genome,dsDNA,bacteria,51.948
CD3_S11_NODE_1_length_40506_cov_6.378985_57,AGC34630.1,31.8,211,100,6,4,182,7,205,1.36e-20,89.4,AT6CD3_S11_NODE_1_length_40506_cov_6,39036,AGC34630.1,putative DNA repair protein,Pseudomonas phage H66,254.0,KC262634.1,65270.0,Duplodnaviria,,Heunggongvirae,,Uroviricota,,Caudoviricetes,,,,,,Hollowayvirus,,Hollowayvirus H66,E,Pseudomonas phage H66,,,KC262634,NC_042342,Complete genome,dsDNA,bacteria,67.098
CD3_S11_NODE_1_length_40506_cov_6.378985_58,AEY69721.1,41.7,216,101,8,4,212,5,202,6.03e-44,148.0,AT6CD3_S11_NODE_1_length_40506_cov_6,39036,AEY69721.1,putative DNA-PolB associated Exonuclease,Brucella phage Tb,208.0,JN939331.1,41148.0,Duplodnaviria,,Heunggongvirae,,Uroviricota,,Caudoviricetes,,,,,,Perisivirus,,Perisivirus Tb,E,Brucella phage Tb,,,JN939331,NC_019446,Complete genome,dsDNA,bacteria,90.07200000000002
CD3_S11_NODE_1_length_40506_cov_6.378985_66,QMV33108.1,39.5,124,67,2,12,135,236,351,2.3e-12,70.9,AT6CD3_S11_NODE_1_length_40506_cov_6,39036,QMV33108.1,hypothetical protein 18C_00040,Ralstonia phage Firinga,499.0,MT740737.1,39744.0,Duplodnaviria,,Heunggongvirae,,Uroviricota,,Caudoviricetes,,,,,,Firingavirus,,Firingavirus firinga,E,Ralstonia phage Firinga,Firinga,,MT740737,NC_054961,Complete genome,dsDNA,bacteria,48.98
CD3_S11_NODE_1_length_40506_cov_6.378985_75,AGK86785.1,48.3,149,70,5,5,148,2,148,4.21e-32,114.0,AT6CD3_S11_NODE_1_length_40506_cov_6,39036,AGK86785.1,peptidase M15A,Burkholderia phage ST79,149.0,KC462197.1,35430.0,Duplodnaviria,,Heunggongvirae,,Uroviricota,,Caudoviricetes,,,,Peduoviridae,,Nampongvirus,,Nampongvirus ST79,E,Burkholderia phage ST79,,,KC462197,NC_021343,Complete genome,dsDNA,bacteria,71.967
CD3_S11_NODE_1_length_40506_cov_6.378985_8,AAK94383.1,52.4,328,145,4,4,330,3,320,2.09e-106,316.0,AT6CD3_S11_NODE_1_length_40506_cov_6,39036,AAK94383.1,major virion structural protein,Myxococcus phage Mx8,321.0,AF396866.1,49534.0,Duplodnaviria,,Heunggongvirae,,Uroviricota,,Caudoviricetes,,,,,,Myxoctovirus,,Myxoctovirus Mx8,E,Myxococcus phage Mx8,,,AF396866,NC_003085,Complete genome,dsDNA,bacteria,171.87199999999999
